-- Adminer 4.8.1 PostgreSQL 16.3 dump

DROP TABLE IF EXISTS "confidentiality_level";
DROP SEQUENCE IF EXISTS confidentiality_level_id_seq;
CREATE SEQUENCE confidentiality_level_id_seq INCREMENT 1 MINVALUE 1 MAXVALUE 2147483647 CACHE 1;

CREATE TABLE "public"."confidentiality_level" (
    "id" integer DEFAULT nextval('confidentiality_level_id_seq') NOT NULL,
    "active" boolean DEFAULT true,
    "name" character varying(128),
    CONSTRAINT "confidentiality_level_name_unique" UNIQUE ("name"),
    CONSTRAINT "confidentiality_level_pkey" PRIMARY KEY ("id")
) WITH (oids = false);

INSERT INTO "confidentiality_level" ("id", "active", "name") VALUES
(1,	't',	'public'),
(2,	't',	'confidential project'),
(3,	't',	'IRT confidential'),
(4,	't',	'restricted diffusion'),
(5,	't',	'special restricted diffusion'),
(6,	't',	'classified datas'),
(7,	't',	'authorized profile');

DROP TABLE IF EXISTS "dbdata_access";
DROP SEQUENCE IF EXISTS dbdata_access_id_seq;
CREATE SEQUENCE dbdata_access_id_seq INCREMENT 1 MINVALUE 1 MAXVALUE 2147483647 CACHE 1;

CREATE TABLE "public"."dbdata_access" (
    "id" integer DEFAULT nextval('dbdata_access_id_seq') NOT NULL,
    "active" boolean DEFAULT true,
    "update" boolean DEFAULT false,
    "write" boolean DEFAULT false,
    "access_date" timestamp,
    "dbdest_table_id" integer,
    "dbschema_id" integer,
    "dbuser_id" integer,
    CONSTRAINT "dbdata_access_pkey" PRIMARY KEY ("id")
) WITH (oids = false);

INSERT INTO "dbdata_access" ("id", "active", "update", "write", "access_date", "dbdest_table_id", "dbschema_id", "dbuser_id") VALUES
(1,	't',	'f',	'f',	NULL,	32,	13,	1),
(2,	't',	'f',	'f',	NULL,	4,	1,	1),
(3,	't',	'f',	't',	NULL,	NULL,	5,	1),
(4,	't',	'f',	'f',	NULL,	4,	1,	1),
(5,	't',	'f',	't',	NULL,	NULL,	5,	1),
(6,	't',	'f',	'f',	NULL,	4,	1,	1),
(7,	't',	'f',	't',	NULL,	NULL,	5,	1),
(8,	't',	'f',	'f',	NULL,	4,	1,	1),
(9,	't',	'f',	't',	NULL,	NULL,	5,	1),
(10,	't',	'f',	'f',	NULL,	4,	1,	1),
(11,	't',	'f',	't',	NULL,	NULL,	5,	1),
(12,	't',	'f',	't',	NULL,	NULL,	4,	1),
(13,	't',	'f',	't',	NULL,	NULL,	4,	1),
(14,	't',	'f',	't',	NULL,	NULL,	4,	1),
(15,	't',	'f',	't',	NULL,	NULL,	4,	1),
(16,	't',	'f',	'f',	NULL,	32,	13,	4),
(17,	't',	'f',	'f',	NULL,	32,	13,	3),
(18,	't',	'f',	'f',	NULL,	32,	13,	3),
(19,	't',	'f',	'f',	NULL,	5,	12,	3),
(20,	't',	'f',	'f',	NULL,	5,	20,	3),
(21,	't',	'f',	'f',	NULL,	5,	33,	3),
(22,	't',	'f',	'f',	NULL,	5,	7,	3),
(23,	't',	'f',	'f',	NULL,	5,	5,	3),
(24,	't',	'f',	'f',	NULL,	5,	35,	3),
(25,	't',	'f',	'f',	NULL,	5,	13,	3),
(26,	't',	'f',	'f',	NULL,	5,	16,	3),
(27,	't',	'f',	'f',	NULL,	5,	34,	3),
(28,	't',	'f',	'f',	NULL,	5,	30,	3),
(29,	't',	'f',	'f',	NULL,	5,	23,	3),
(30,	't',	'f',	'f',	NULL,	5,	31,	3),
(31,	't',	'f',	'f',	NULL,	5,	17,	3),
(32,	't',	'f',	'f',	NULL,	5,	8,	3),
(33,	't',	'f',	'f',	NULL,	5,	22,	3),
(34,	't',	'f',	'f',	NULL,	5,	3,	3),
(35,	't',	'f',	'f',	NULL,	5,	7,	3),
(36,	't',	'f',	'f',	NULL,	5,	11,	3),
(37,	't',	'f',	'f',	NULL,	5,	6,	3),
(38,	't',	'f',	'f',	NULL,	5,	28,	3),
(39,	't',	'f',	'f',	NULL,	5,	36,	3),
(40,	't',	'f',	'f',	NULL,	5,	29,	3),
(41,	't',	'f',	'f',	NULL,	5,	24,	3),
(42,	't',	'f',	'f',	NULL,	5,	7,	3),
(43,	't',	'f',	'f',	NULL,	5,	27,	3),
(44,	't',	'f',	'f',	NULL,	5,	21,	3),
(45,	't',	'f',	'f',	NULL,	5,	32,	3),
(46,	't',	'f',	'f',	NULL,	5,	26,	3),
(47,	't',	'f',	'f',	NULL,	5,	7,	3),
(48,	't',	'f',	'f',	NULL,	5,	7,	3),
(49,	't',	'f',	'f',	NULL,	5,	25,	3),
(50,	't',	'f',	'f',	NULL,	5,	7,	3),
(51,	't',	'f',	'f',	NULL,	5,	14,	3),
(52,	't',	'f',	'f',	NULL,	5,	1,	3),
(53,	't',	'f',	'f',	NULL,	5,	14,	3),
(54,	't',	'f',	'f',	NULL,	5,	14,	3),
(55,	't',	'f',	'f',	NULL,	5,	19,	3),
(56,	't',	'f',	'f',	NULL,	5,	13,	3),
(57,	't',	'f',	'f',	NULL,	5,	13,	3),
(58,	't',	'f',	'f',	NULL,	5,	15,	3),
(59,	't',	'f',	'f',	NULL,	5,	13,	3),
(60,	't',	'f',	'f',	NULL,	5,	4,	3),
(61,	't',	'f',	'f',	NULL,	32,	13,	3),
(62,	't',	'f',	'f',	NULL,	NULL,	13,	3),
(63,	't',	'f',	'f',	NULL,	32,	13,	3),
(64,	't',	'f',	'f',	NULL,	32,	13,	3),
(65,	't',	'f',	'f',	NULL,	NULL,	13,	3),
(66,	't',	'f',	'f',	NULL,	NULL,	14,	3),
(67,	't',	'f',	'f',	NULL,	NULL,	14,	3),
(68,	't',	'f',	'f',	NULL,	NULL,	13,	3),
(69,	't',	'f',	'f',	NULL,	32,	13,	3),
(70,	't',	'f',	'f',	NULL,	NULL,	14,	3),
(71,	't',	'f',	'f',	NULL,	NULL,	14,	3),
(72,	't',	'f',	'f',	NULL,	32,	13,	3),
(73,	't',	'f',	'f',	NULL,	32,	13,	2),
(74,	't',	'f',	'f',	NULL,	NULL,	13,	2),
(75,	't',	'f',	'f',	NULL,	32,	13,	2),
(76,	't',	'f',	'f',	NULL,	32,	13,	2),
(77,	't',	'f',	'f',	NULL,	25,	25,	2),
(78,	't',	'f',	'f',	NULL,	20,	20,	2),
(79,	't',	'f',	'f',	NULL,	20,	20,	2),
(80,	't',	'f',	'f',	NULL,	1,	1,	2),
(81,	't',	'f',	'f',	NULL,	1,	1,	2),
(82,	't',	'f',	'f',	NULL,	1,	1,	2),
(83,	't',	'f',	'f',	NULL,	32,	13,	2),
(84,	't',	'f',	'f',	NULL,	27,	32,	2),
(85,	't',	'f',	'f',	NULL,	21,	26,	2),
(86,	't',	'f',	'f',	NULL,	22,	27,	2),
(87,	't',	'f',	'f',	NULL,	19,	24,	2),
(88,	't',	'f',	'f',	NULL,	20,	25,	2),
(89,	't',	'f',	'f',	NULL,	16,	21,	2),
(90,	't',	'f',	'f',	NULL,	14,	19,	2),
(91,	't',	'f',	'f',	NULL,	15,	20,	2),
(92,	't',	'f',	'f',	NULL,	31,	1,	2),
(93,	't',	'f',	'f',	NULL,	31,	1,	2),
(94,	't',	'f',	'f',	NULL,	31,	1,	2),
(95,	't',	'f',	'f',	NULL,	31,	1,	2),
(96,	't',	'f',	'f',	NULL,	32,	13,	2),
(97,	't',	'f',	'f',	NULL,	31,	1,	2),
(98,	't',	'f',	'f',	NULL,	9,	13,	2),
(99,	't',	'f',	'f',	NULL,	10,	14,	2),
(100,	't',	'f',	'f',	NULL,	34,	13,	2),
(101,	't',	'f',	'f',	NULL,	35,	14,	2),
(102,	't',	'f',	'f',	NULL,	21,	26,	2),
(103,	't',	'f',	'f',	NULL,	31,	1,	2),
(117,	't',	'f',	'f',	NULL,	21,	26,	2),
(118,	't',	'f',	'f',	NULL,	32,	13,	2),
(119,	't',	'f',	'f',	NULL,	17,	1,	2),
(120,	't',	'f',	'f',	NULL,	9,	13,	2),
(121,	't',	'f',	'f',	NULL,	10,	14,	2),
(122,	't',	'f',	'f',	NULL,	16,	21,	2),
(123,	't',	'f',	'f',	NULL,	32,	13,	2),
(124,	't',	'f',	'f',	NULL,	20,	25,	2),
(125,	't',	'f',	'f',	NULL,	32,	13,	2),
(126,	't',	'f',	'f',	NULL,	19,	24,	2),
(127,	't',	'f',	'f',	NULL,	36,	14,	2),
(128,	't',	'f',	'f',	NULL,	10,	14,	2),
(129,	't',	'f',	'f',	NULL,	35,	14,	2),
(130,	't',	'f',	'f',	NULL,	35,	14,	2),
(131,	't',	'f',	'f',	NULL,	35,	14,	2),
(132,	't',	'f',	'f',	NULL,	35,	14,	2),
(133,	't',	'f',	'f',	NULL,	35,	14,	2),
(134,	't',	'f',	'f',	NULL,	35,	14,	2),
(135,	't',	'f',	'f',	NULL,	35,	14,	2),
(136,	't',	'f',	'f',	NULL,	35,	14,	2),
(137,	't',	'f',	'f',	NULL,	35,	14,	2),
(138,	't',	'f',	'f',	NULL,	35,	14,	2),
(139,	't',	'f',	'f',	NULL,	35,	14,	2),
(140,	't',	'f',	'f',	NULL,	35,	14,	2),
(141,	't',	'f',	'f',	NULL,	22,	27,	2),
(142,	't',	'f',	'f',	NULL,	21,	26,	3),
(143,	't',	'f',	'f',	NULL,	22,	27,	3),
(144,	't',	'f',	'f',	NULL,	27,	32,	3),
(145,	't',	'f',	'f',	NULL,	19,	24,	3),
(146,	't',	'f',	'f',	NULL,	2,	24,	3),
(147,	't',	'f',	'f',	NULL,	19,	24,	3),
(148,	't',	'f',	'f',	NULL,	20,	25,	3),
(149,	't',	'f',	'f',	NULL,	5,	25,	3),
(150,	't',	'f',	'f',	NULL,	20,	25,	3),
(151,	't',	'f',	'f',	NULL,	32,	13,	3),
(152,	't',	'f',	'f',	NULL,	17,	1,	3),
(153,	't',	'f',	'f',	NULL,	33,	13,	3),
(154,	't',	'f',	'f',	NULL,	32,	13,	3),
(155,	't',	'f',	'f',	NULL,	32,	13,	3),
(156,	't',	'f',	'f',	NULL,	32,	13,	3),
(157,	't',	'f',	'f',	NULL,	17,	1,	3),
(158,	't',	'f',	'f',	NULL,	27,	32,	3),
(159,	't',	'f',	'f',	NULL,	27,	32,	3),
(160,	't',	'f',	'f',	NULL,	27,	32,	3),
(161,	't',	'f',	'f',	NULL,	27,	32,	3),
(162,	't',	'f',	'f',	NULL,	27,	32,	3),
(163,	't',	'f',	'f',	NULL,	27,	32,	3),
(164,	't',	'f',	'f',	NULL,	32,	13,	3),
(165,	't',	'f',	'f',	NULL,	17,	1,	3),
(191,	't',	'f',	'f',	NULL,	36,	14,	3),
(192,	't',	'f',	'f',	NULL,	32,	13,	3),
(193,	't',	'f',	'f',	NULL,	17,	1,	3),
(194,	't',	'f',	'f',	NULL,	32,	13,	3),
(195,	't',	'f',	'f',	NULL,	30,	35,	3),
(196,	't',	'f',	'f',	NULL,	21,	26,	3),
(197,	't',	'f',	'f',	NULL,	22,	27,	3),
(198,	't',	'f',	'f',	NULL,	19,	24,	3),
(199,	't',	'f',	'f',	NULL,	32,	13,	3),
(200,	't',	'f',	'f',	NULL,	17,	1,	3);

DROP TABLE IF EXISTS "dbentity";
DROP SEQUENCE IF EXISTS dbentity_id_seq;
CREATE SEQUENCE dbentity_id_seq INCREMENT 1 MINVALUE 1 MAXVALUE 2147483647 CACHE 1;

CREATE TABLE "public"."dbentity" (
    "id" integer DEFAULT nextval('dbentity_id_seq') NOT NULL,
    "active" boolean DEFAULT true,
    "name" character varying(128),
    "description" text,
    "parent_id" integer,
    CONSTRAINT "dbentity_pkey" PRIMARY KEY ("id")
) WITH (oids = false);

INSERT INTO "dbentity" ("id", "active", "name", "description", "parent_id") VALUES
(1,	't',	'EDEN',	NULL,	NULL);

DROP TABLE IF EXISTS "dbentity_user";
DROP SEQUENCE IF EXISTS dbentity_user_id_seq;
CREATE SEQUENCE dbentity_user_id_seq INCREMENT 1 MINVALUE 1 MAXVALUE 2147483647 CACHE 1;

CREATE TABLE "public"."dbentity_user" (
    "id" integer DEFAULT nextval('dbentity_user_id_seq') NOT NULL,
    "active" boolean DEFAULT true,
    "dbuser_id" integer,
    "dbentity_id" integer,
    "start_date" timestamp,
    "end_date" timestamp,
    CONSTRAINT "dbentity_user_pkey" PRIMARY KEY ("id")
) WITH (oids = false);

INSERT INTO "dbentity_user" ("id", "active", "dbuser_id", "dbentity_id", "start_date", "end_date") VALUES
(2,	't',	2,	1,	NULL,	NULL),
(1,	't',	3,	1,	NULL,	NULL);

DROP TABLE IF EXISTS "dbfilter";
DROP SEQUENCE IF EXISTS dbfilter_id_seq;
CREATE SEQUENCE dbfilter_id_seq INCREMENT 1 MINVALUE 1 MAXVALUE 2147483647 CACHE 1;

CREATE TABLE "public"."dbfilter" (
    "id" integer DEFAULT nextval('dbfilter_id_seq') NOT NULL,
    "active" boolean DEFAULT true,
    "name" character varying(128),
    "is_view" boolean DEFAULT false,
    "dbschema_id" integer,
    "dbuser_id" integer,
    "dbentity_id" integer,
    CONSTRAINT "dbfilter_pkey" PRIMARY KEY ("id")
) WITH (oids = false);

INSERT INTO "dbfilter" ("id", "active", "name", "is_view", "dbschema_id", "dbuser_id", "dbentity_id") VALUES
(1,	't',	'submit form view filter n°1 view ',	't',	13,	1,	NULL),
(2,	't',	'unvalidated requests filter n°2 ',	'f',	13,	1,	NULL),
(3,	't',	'validated requests filter n°3 ',	'f',	13,	1,	NULL),
(4,	't',	'unvalidated tasks filter n°1 ',	'f',	14,	1,	NULL),
(5,	't',	'validated tasks filter n°2 ',	'f',	14,	1,	NULL);

DROP TABLE IF EXISTS "dbfilter_field";
DROP SEQUENCE IF EXISTS dbfilter_field_id_seq;
CREATE SEQUENCE dbfilter_field_id_seq INCREMENT 1 MINVALUE 1 MAXVALUE 2147483647 CACHE 1;

CREATE TABLE "public"."dbfilter_field" (
    "id" integer DEFAULT nextval('dbfilter_field_id_seq') NOT NULL,
    "active" boolean DEFAULT true,
    "dbschema_column_id" integer,
    "value" character varying(255),
    "operator" character varying(6),
    "separator" enum__and_or,
    "dir" character varying(255),
    "index" integer DEFAULT '1',
    "dbfilter_id" integer,
    CONSTRAINT "dbfilter_field_pkey" PRIMARY KEY ("id")
) WITH (oids = false);

INSERT INTO "dbfilter_field" ("id", "active", "dbschema_column_id", "value", "operator", "separator", "dir", "index", "dbfilter_id") VALUES
(1,	't',	78,	NULL,	NULL,	NULL,	NULL,	0,	1),
(2,	't',	71,	'completed',	'!=',	'and',	'ASC',	0,	2),
(3,	't',	71,	'completed',	'=',	'and',	'ASC',	0,	3),
(4,	't',	83,	'completed',	'!=',	'and',	'ASC',	0,	4),
(5,	't',	83,	'completed',	'=',	'and',	'ASC',	0,	5);

DROP TABLE IF EXISTS "dbhierarchy";
DROP SEQUENCE IF EXISTS dbhierarchy_id_seq;
CREATE SEQUENCE dbhierarchy_id_seq INCREMENT 1 MINVALUE 1 MAXVALUE 2147483647 CACHE 1;

CREATE TABLE "public"."dbhierarchy" (
    "id" integer DEFAULT nextval('dbhierarchy_id_seq') NOT NULL,
    "active" boolean DEFAULT true,
    "parent_dbuser_id" integer,
    "dbuser_id" integer,
    "dbentity_id" integer,
    "start_date" timestamp,
    "end_date" timestamp,
    CONSTRAINT "dbhierarchy_pkey" PRIMARY KEY ("id")
) WITH (oids = false);


DROP TABLE IF EXISTS "dbnotification";
DROP SEQUENCE IF EXISTS dbnotification_id_seq;
CREATE SEQUENCE dbnotification_id_seq INCREMENT 1 MINVALUE 1 MAXVALUE 2147483647 CACHE 1;

CREATE TABLE "public"."dbnotification" (
    "id" integer DEFAULT nextval('dbnotification_id_seq') NOT NULL,
    "active" boolean DEFAULT true,
    "name" character varying(128),
    "description" character varying(255),
    "dbuser_id" integer,
    "dbentity_id" integer,
    "dbdest_table_id" integer,
    "link_id" integer,
    CONSTRAINT "dbnotification_pkey" PRIMARY KEY ("id")
) WITH (oids = false);


DROP TABLE IF EXISTS "dbpermission";
DROP SEQUENCE IF EXISTS dbpermission_id_seq;
CREATE SEQUENCE dbpermission_id_seq INCREMENT 1 MINVALUE 1 MAXVALUE 2147483647 CACHE 1;

CREATE TABLE "public"."dbpermission" (
    "id" integer DEFAULT nextval('dbpermission_id_seq') NOT NULL,
    "active" boolean DEFAULT true,
    "name" character varying(128),
    "write" boolean,
    "update" boolean,
    "delete" boolean,
    "read" enum__admin_moderator_responsible_normal_own DEFAULT 'normal',
    CONSTRAINT "dbpermission_name_unique" UNIQUE ("name"),
    CONSTRAINT "dbpermission_pkey" PRIMARY KEY ("id")
) WITH (oids = false);

INSERT INTO "dbpermission" ("id", "active", "name", "write", "update", "delete", "read") VALUES
(1,	't',	'dbentity:own:admin',	't',	't',	't',	'own'),
(2,	't',	'dbentity:normal:admin',	't',	't',	't',	'normal'),
(3,	't',	'dbentity:own:manager',	't',	't',	'f',	'own'),
(4,	't',	'dbentity:normal:manager',	't',	't',	'f',	'normal'),
(5,	't',	'dbentity:own:creator',	't',	'f',	'f',	'own'),
(6,	't',	'dbentity:normal:creator',	't',	'f',	'f',	'normal'),
(7,	't',	'dbentity:own:updater',	'f',	't',	'f',	'own'),
(8,	't',	'dbentity:normal:updater',	'f',	't',	'f',	'normal'),
(9,	't',	'dbentity:own:reader',	'f',	'f',	'f',	'own'),
(10,	't',	'dbentity:normal:reader',	'f',	'f',	'f',	'normal'),
(11,	't',	'dbrole:own:updater',	'f',	't',	'f',	'own'),
(12,	't',	'dbrole:normal:updater',	'f',	't',	'f',	'normal'),
(13,	't',	'dbrole:own:reader',	'f',	'f',	'f',	'own'),
(14,	't',	'dbrole:normal:reader',	'f',	'f',	'f',	'normal'),
(15,	't',	'dbrole:own:admin',	't',	't',	't',	'own'),
(16,	't',	'dbrole:normal:admin',	't',	't',	't',	'normal'),
(17,	't',	'dbrole:own:manager',	't',	't',	'f',	'own'),
(18,	't',	'dbrole:normal:manager',	't',	't',	'f',	'normal'),
(19,	't',	'dbrole:own:creator',	't',	'f',	'f',	'own'),
(20,	't',	'dbrole:normal:creator',	't',	'f',	'f',	'normal'),
(21,	't',	'dbdata_access:own:admin',	't',	't',	't',	'own'),
(22,	't',	'dbdata_access:normal:admin',	't',	't',	't',	'normal'),
(23,	't',	'dbdata_access:own:manager',	't',	't',	'f',	'own'),
(24,	't',	'dbdata_access:normal:manager',	't',	't',	'f',	'normal'),
(25,	't',	'dbdata_access:own:creator',	't',	'f',	'f',	'own'),
(26,	't',	'dbdata_access:normal:creator',	't',	'f',	'f',	'normal'),
(27,	't',	'dbdata_access:own:updater',	'f',	't',	'f',	'own'),
(28,	't',	'dbdata_access:normal:updater',	'f',	't',	'f',	'normal'),
(29,	't',	'dbdata_access:own:reader',	'f',	'f',	'f',	'own'),
(30,	't',	'dbdata_access:normal:reader',	'f',	'f',	'f',	'normal'),
(31,	't',	'dbnotification:own:updater',	'f',	't',	'f',	'own'),
(32,	't',	'dbnotification:normal:updater',	'f',	't',	'f',	'normal'),
(33,	't',	'dbnotification:own:reader',	'f',	'f',	'f',	'own'),
(34,	't',	'dbnotification:normal:reader',	'f',	'f',	'f',	'normal'),
(35,	't',	'dbnotification:own:admin',	't',	't',	't',	'own'),
(36,	't',	'dbnotification:normal:admin',	't',	't',	't',	'normal'),
(37,	't',	'dbnotification:own:manager',	't',	't',	'f',	'own'),
(38,	't',	'dbnotification:normal:manager',	't',	't',	'f',	'normal'),
(39,	't',	'dbnotification:own:creator',	't',	'f',	'f',	'own'),
(40,	't',	'dbnotification:normal:creator',	't',	'f',	'f',	'normal'),
(41,	't',	'dbentity_user:own:admin',	't',	't',	't',	'own'),
(42,	't',	'dbentity_user:normal:admin',	't',	't',	't',	'normal'),
(43,	't',	'dbentity_user:own:manager',	't',	't',	'f',	'own'),
(44,	't',	'dbentity_user:normal:manager',	't',	't',	'f',	'normal'),
(45,	't',	'dbentity_user:own:creator',	't',	'f',	'f',	'own'),
(46,	't',	'dbentity_user:normal:creator',	't',	'f',	'f',	'normal'),
(47,	't',	'dbentity_user:own:updater',	'f',	't',	'f',	'own'),
(48,	't',	'dbentity_user:normal:updater',	'f',	't',	'f',	'normal'),
(49,	't',	'dbentity_user:own:reader',	'f',	'f',	'f',	'own'),
(50,	't',	'dbentity_user:normal:reader',	'f',	'f',	'f',	'normal'),
(51,	't',	'dbrole_attribution:own:admin',	't',	't',	't',	'own'),
(52,	't',	'dbrole_attribution:normal:admin',	't',	't',	't',	'normal'),
(53,	't',	'dbrole_attribution:own:manager',	't',	't',	'f',	'own'),
(54,	't',	'dbrole_attribution:normal:manager',	't',	't',	'f',	'normal'),
(55,	't',	'dbrole_attribution:own:creator',	't',	'f',	'f',	'own'),
(56,	't',	'dbrole_attribution:normal:creator',	't',	'f',	'f',	'normal'),
(57,	't',	'dbrole_attribution:own:updater',	'f',	't',	'f',	'own'),
(58,	't',	'dbrole_attribution:normal:updater',	'f',	't',	'f',	'normal'),
(59,	't',	'dbrole_attribution:own:reader',	'f',	'f',	'f',	'own'),
(60,	't',	'dbrole_attribution:normal:reader',	'f',	'f',	'f',	'normal'),
(61,	't',	'dbrequest:own:admin',	't',	't',	't',	'own'),
(62,	't',	'dbrequest:normal:admin',	't',	't',	't',	'normal'),
(63,	't',	'dbrequest:own:manager',	't',	't',	'f',	'own'),
(64,	't',	'dbrequest:normal:manager',	't',	't',	'f',	'normal'),
(65,	't',	'dbrequest:own:creator',	't',	'f',	'f',	'own'),
(66,	't',	'dbrequest:normal:creator',	't',	'f',	'f',	'normal'),
(67,	't',	'dbrequest:own:updater',	'f',	't',	'f',	'own'),
(68,	't',	'dbrequest:normal:updater',	'f',	't',	'f',	'normal'),
(69,	't',	'dbrequest:own:reader',	'f',	'f',	'f',	'own'),
(70,	't',	'dbrequest:normal:reader',	'f',	'f',	'f',	'normal'),
(71,	't',	'dbtask:own:reader',	'f',	'f',	'f',	'own'),
(72,	't',	'dbtask:normal:reader',	'f',	'f',	'f',	'normal'),
(73,	't',	'dbtask:own:admin',	't',	't',	't',	'own'),
(74,	't',	'dbtask:normal:admin',	't',	't',	't',	'normal'),
(75,	't',	'dbtask:own:manager',	't',	't',	'f',	'own'),
(76,	't',	'dbtask:normal:manager',	't',	't',	'f',	'normal'),
(77,	't',	'dbtask:own:creator',	't',	'f',	'f',	'own'),
(78,	't',	'dbtask:normal:creator',	't',	'f',	'f',	'normal'),
(79,	't',	'dbtask:own:updater',	'f',	't',	'f',	'own'),
(80,	't',	'dbtask:normal:updater',	'f',	't',	'f',	'normal'),
(81,	't',	'dbworkflow_schema:own:admin',	't',	't',	't',	'own'),
(82,	't',	'dbworkflow_schema:normal:admin',	't',	't',	't',	'normal'),
(83,	't',	'dbworkflow_schema:own:manager',	't',	't',	'f',	'own'),
(84,	't',	'dbworkflow_schema:normal:manager',	't',	't',	'f',	'normal'),
(85,	't',	'dbworkflow_schema:own:creator',	't',	'f',	'f',	'own'),
(86,	't',	'dbworkflow_schema:normal:creator',	't',	'f',	'f',	'normal'),
(87,	't',	'dbworkflow_schema:own:updater',	'f',	't',	'f',	'own'),
(88,	't',	'dbworkflow_schema:normal:updater',	'f',	't',	'f',	'normal'),
(89,	't',	'dbworkflow_schema:own:reader',	'f',	'f',	'f',	'own'),
(90,	't',	'dbworkflow_schema:normal:reader',	'f',	'f',	'f',	'normal'),
(91,	't',	'dbrole_permission:own:reader',	'f',	'f',	'f',	'own'),
(92,	't',	'dbrole_permission:normal:reader',	'f',	'f',	'f',	'normal'),
(93,	't',	'dbrole_permission:own:admin',	't',	't',	't',	'own'),
(94,	't',	'dbrole_permission:normal:admin',	't',	't',	't',	'normal'),
(95,	't',	'dbrole_permission:own:manager',	't',	't',	'f',	'own'),
(96,	't',	'dbrole_permission:normal:manager',	't',	't',	'f',	'normal'),
(97,	't',	'dbrole_permission:own:creator',	't',	'f',	'f',	'own'),
(98,	't',	'dbrole_permission:normal:creator',	't',	'f',	'f',	'normal'),
(99,	't',	'dbrole_permission:own:updater',	'f',	't',	'f',	'own'),
(100,	't',	'dbrole_permission:normal:updater',	'f',	't',	'f',	'normal'),
(101,	't',	'dbhierarchy:own:admin',	't',	't',	't',	'own'),
(102,	't',	'dbhierarchy:normal:admin',	't',	't',	't',	'normal'),
(103,	't',	'dbhierarchy:own:manager',	't',	't',	'f',	'own'),
(104,	't',	'dbhierarchy:normal:manager',	't',	't',	'f',	'normal'),
(105,	't',	'dbhierarchy:own:creator',	't',	'f',	'f',	'own'),
(106,	't',	'dbhierarchy:normal:creator',	't',	'f',	'f',	'normal'),
(107,	't',	'dbhierarchy:own:updater',	'f',	't',	'f',	'own'),
(108,	't',	'dbhierarchy:normal:updater',	'f',	't',	'f',	'normal'),
(109,	't',	'dbhierarchy:own:reader',	'f',	'f',	'f',	'own'),
(110,	't',	'dbhierarchy:normal:reader',	'f',	'f',	'f',	'normal'),
(111,	't',	'dbview_attribution:own:admin',	't',	't',	't',	'own'),
(112,	't',	'dbview_attribution:normal:admin',	't',	't',	't',	'normal'),
(113,	't',	'dbview_attribution:own:manager',	't',	't',	'f',	'own'),
(114,	't',	'dbview_attribution:normal:manager',	't',	't',	'f',	'normal'),
(115,	't',	'dbview_attribution:own:creator',	't',	'f',	'f',	'own'),
(116,	't',	'dbview_attribution:normal:creator',	't',	'f',	'f',	'normal'),
(117,	't',	'dbview_attribution:own:updater',	'f',	't',	'f',	'own'),
(118,	't',	'dbview_attribution:normal:updater',	'f',	't',	'f',	'normal'),
(119,	't',	'dbview_attribution:own:reader',	'f',	'f',	'f',	'own'),
(120,	't',	'dbview_attribution:normal:reader',	'f',	'f',	'f',	'normal'),
(121,	't',	'dbfilter:own:creator',	't',	'f',	'f',	'own'),
(122,	't',	'dbfilter:normal:creator',	't',	'f',	'f',	'normal'),
(123,	't',	'dbfilter:own:updater',	'f',	't',	'f',	'own'),
(124,	't',	'dbfilter:normal:updater',	'f',	't',	'f',	'normal'),
(125,	't',	'dbfilter:own:reader',	'f',	'f',	'f',	'own'),
(126,	't',	'dbfilter:normal:reader',	'f',	'f',	'f',	'normal'),
(127,	't',	'dbfilter:own:admin',	't',	't',	't',	'own'),
(128,	't',	'dbfilter:normal:admin',	't',	't',	't',	'normal'),
(129,	't',	'dbfilter:own:manager',	't',	't',	'f',	'own'),
(130,	't',	'dbfilter:normal:manager',	't',	't',	'f',	'normal'),
(131,	't',	'dbfilter_field:own:admin',	't',	't',	't',	'own'),
(132,	't',	'dbfilter_field:normal:admin',	't',	't',	't',	'normal'),
(133,	't',	'dbfilter_field:own:manager',	't',	't',	'f',	'own'),
(134,	't',	'dbfilter_field:normal:manager',	't',	't',	'f',	'normal'),
(135,	't',	'dbfilter_field:own:creator',	't',	'f',	'f',	'own'),
(136,	't',	'dbfilter_field:normal:creator',	't',	'f',	'f',	'normal'),
(137,	't',	'dbfilter_field:own:updater',	'f',	't',	'f',	'own'),
(138,	't',	'dbfilter_field:normal:updater',	'f',	't',	'f',	'normal'),
(139,	't',	'dbfilter_field:own:reader',	'f',	'f',	'f',	'own'),
(140,	't',	'dbfilter_field:normal:reader',	'f',	'f',	'f',	'normal'),
(141,	't',	'formalized_data:own:admin',	't',	't',	't',	'own'),
(142,	't',	'formalized_data:normal:admin',	't',	't',	't',	'normal'),
(143,	't',	'formalized_data:own:manager',	't',	't',	'f',	'own'),
(144,	't',	'formalized_data:normal:manager',	't',	't',	'f',	'normal'),
(145,	't',	'formalized_data:own:creator',	't',	'f',	'f',	'own'),
(146,	't',	'formalized_data:normal:creator',	't',	'f',	'f',	'normal'),
(147,	't',	'formalized_data:own:updater',	'f',	't',	'f',	'own'),
(148,	't',	'formalized_data:normal:updater',	'f',	't',	'f',	'normal'),
(149,	't',	'formalized_data:own:reader',	'f',	'f',	'f',	'own'),
(150,	't',	'formalized_data:normal:reader',	'f',	'f',	'f',	'normal'),
(151,	't',	'valuation_type:own:admin',	't',	't',	't',	'own'),
(152,	't',	'valuation_type:normal:admin',	't',	't',	't',	'normal'),
(153,	't',	'valuation_type:own:manager',	't',	't',	'f',	'own'),
(154,	't',	'valuation_type:normal:manager',	't',	't',	'f',	'normal'),
(155,	't',	'valuation_type:own:creator',	't',	'f',	'f',	'own'),
(156,	't',	'valuation_type:normal:creator',	't',	'f',	'f',	'normal'),
(157,	't',	'valuation_type:own:updater',	'f',	't',	'f',	'own'),
(158,	't',	'valuation_type:normal:updater',	'f',	't',	'f',	'normal'),
(159,	't',	'valuation_type:own:reader',	'f',	'f',	'f',	'own'),
(160,	't',	'valuation_type:normal:reader',	'f',	'f',	'f',	'normal'),
(161,	't',	'valuation_format:own:reader',	'f',	'f',	'f',	'own'),
(162,	't',	'valuation_format:normal:reader',	'f',	'f',	'f',	'normal'),
(163,	't',	'valuation_format:own:admin',	't',	't',	't',	'own'),
(164,	't',	'valuation_format:normal:admin',	't',	't',	't',	'normal'),
(165,	't',	'valuation_format:own:manager',	't',	't',	'f',	'own'),
(166,	't',	'valuation_format:normal:manager',	't',	't',	'f',	'normal'),
(167,	't',	'valuation_format:own:creator',	't',	'f',	'f',	'own'),
(168,	't',	'valuation_format:normal:creator',	't',	'f',	'f',	'normal'),
(169,	't',	'valuation_format:own:updater',	'f',	't',	'f',	'own'),
(170,	't',	'valuation_format:normal:updater',	'f',	't',	'f',	'normal'),
(171,	't',	'support:own:updater',	'f',	't',	'f',	'own'),
(172,	't',	'support:normal:updater',	'f',	't',	'f',	'normal'),
(173,	't',	'support:own:reader',	'f',	'f',	'f',	'own'),
(174,	't',	'support:normal:reader',	'f',	'f',	'f',	'normal'),
(175,	't',	'support:own:admin',	't',	't',	't',	'own'),
(176,	't',	'support:normal:admin',	't',	't',	't',	'normal'),
(177,	't',	'support:own:manager',	't',	't',	'f',	'own'),
(178,	't',	'support:normal:manager',	't',	't',	'f',	'normal'),
(179,	't',	'support:own:creator',	't',	'f',	'f',	'own'),
(180,	't',	'support:normal:creator',	't',	'f',	'f',	'normal'),
(181,	't',	'support_type:own:reader',	'f',	'f',	'f',	'own'),
(182,	't',	'support_type:normal:reader',	'f',	'f',	'f',	'normal'),
(183,	't',	'support_type:own:admin',	't',	't',	't',	'own'),
(184,	't',	'support_type:normal:admin',	't',	't',	't',	'normal'),
(185,	't',	'support_type:own:manager',	't',	't',	'f',	'own'),
(186,	't',	'support_type:normal:manager',	't',	't',	'f',	'normal'),
(187,	't',	'support_type:own:creator',	't',	'f',	'f',	'own'),
(188,	't',	'support_type:normal:creator',	't',	'f',	'f',	'normal'),
(189,	't',	'support_type:own:updater',	'f',	't',	'f',	'own'),
(190,	't',	'support_type:normal:updater',	'f',	't',	'f',	'normal'),
(191,	't',	'result_type:own:admin',	't',	't',	't',	'own'),
(192,	't',	'result_type:normal:admin',	't',	't',	't',	'normal'),
(193,	't',	'result_type:own:manager',	't',	't',	'f',	'own'),
(194,	't',	'result_type:normal:manager',	't',	't',	'f',	'normal'),
(195,	't',	'result_type:own:creator',	't',	'f',	'f',	'own'),
(196,	't',	'result_type:normal:creator',	't',	'f',	'f',	'normal'),
(197,	't',	'result_type:own:updater',	'f',	't',	'f',	'own'),
(198,	't',	'result_type:normal:updater',	'f',	't',	'f',	'normal'),
(199,	't',	'result_type:own:reader',	'f',	'f',	'f',	'own'),
(200,	't',	'result_type:normal:reader',	'f',	'f',	'f',	'normal'),
(201,	't',	'result_family:own:admin',	't',	't',	't',	'own'),
(202,	't',	'result_family:normal:admin',	't',	't',	't',	'normal'),
(203,	't',	'result_family:own:manager',	't',	't',	'f',	'own'),
(204,	't',	'result_family:normal:manager',	't',	't',	'f',	'normal'),
(205,	't',	'result_family:own:creator',	't',	'f',	'f',	'own'),
(206,	't',	'result_family:normal:creator',	't',	'f',	'f',	'normal'),
(207,	't',	'result_family:own:updater',	'f',	't',	'f',	'own'),
(208,	't',	'result_family:normal:updater',	'f',	't',	'f',	'normal'),
(209,	't',	'result_family:own:reader',	'f',	'f',	'f',	'own'),
(210,	't',	'result_family:normal:reader',	'f',	'f',	'f',	'normal'),
(211,	't',	'restriction_type:own:admin',	't',	't',	't',	'own'),
(212,	't',	'restriction_type:normal:admin',	't',	't',	't',	'normal'),
(213,	't',	'restriction_type:own:manager',	't',	't',	'f',	'own'),
(214,	't',	'restriction_type:normal:manager',	't',	't',	'f',	'normal'),
(215,	't',	'restriction_type:own:creator',	't',	'f',	'f',	'own'),
(216,	't',	'restriction_type:normal:creator',	't',	'f',	'f',	'normal'),
(217,	't',	'restriction_type:own:updater',	'f',	't',	'f',	'own'),
(218,	't',	'restriction_type:normal:updater',	'f',	't',	'f',	'normal'),
(219,	't',	'restriction_type:own:reader',	'f',	'f',	'f',	'own'),
(220,	't',	'restriction_type:normal:reader',	'f',	'f',	'f',	'normal'),
(221,	't',	'protection_type:own:admin',	't',	't',	't',	'own'),
(222,	't',	'protection_type:normal:admin',	't',	't',	't',	'normal'),
(223,	't',	'protection_type:own:manager',	't',	't',	'f',	'own'),
(224,	't',	'protection_type:normal:manager',	't',	't',	'f',	'normal'),
(225,	't',	'protection_type:own:creator',	't',	'f',	'f',	'own'),
(226,	't',	'protection_type:normal:creator',	't',	'f',	'f',	'normal'),
(227,	't',	'protection_type:own:updater',	'f',	't',	'f',	'own'),
(228,	't',	'protection_type:normal:updater',	'f',	't',	'f',	'normal'),
(229,	't',	'protection_type:own:reader',	'f',	'f',	'f',	'own'),
(230,	't',	'protection_type:normal:reader',	'f',	'f',	'f',	'normal'),
(231,	't',	'protection_area:own:admin',	't',	't',	't',	'own'),
(232,	't',	'protection_area:normal:admin',	't',	't',	't',	'normal'),
(233,	't',	'protection_area:own:manager',	't',	't',	'f',	'own'),
(234,	't',	'protection_area:normal:manager',	't',	't',	'f',	'normal'),
(235,	't',	'protection_area:own:creator',	't',	'f',	'f',	'own'),
(236,	't',	'protection_area:normal:creator',	't',	'f',	'f',	'normal'),
(237,	't',	'protection_area:own:updater',	'f',	't',	'f',	'own'),
(238,	't',	'protection_area:normal:updater',	'f',	't',	'f',	'normal'),
(239,	't',	'protection_area:own:reader',	'f',	'f',	'f',	'own'),
(240,	't',	'protection_area:normal:reader',	'f',	'f',	'f',	'normal'),
(241,	't',	'protection:own:admin',	't',	't',	't',	'own'),
(242,	't',	'protection:normal:admin',	't',	't',	't',	'normal'),
(243,	't',	'protection:own:manager',	't',	't',	'f',	'own'),
(244,	't',	'protection:normal:manager',	't',	't',	'f',	'normal'),
(245,	't',	'protection:own:creator',	't',	'f',	'f',	'own'),
(246,	't',	'protection:normal:creator',	't',	'f',	'f',	'normal'),
(247,	't',	'protection:own:updater',	'f',	't',	'f',	'own'),
(248,	't',	'protection:normal:updater',	'f',	't',	'f',	'normal'),
(249,	't',	'protection:own:reader',	'f',	'f',	'f',	'own'),
(250,	't',	'protection:normal:reader',	'f',	'f',	'f',	'normal'),
(251,	't',	'project:own:reader',	'f',	'f',	'f',	'own'),
(252,	't',	'project:normal:reader',	'f',	'f',	'f',	'normal'),
(253,	't',	'project:own:admin',	't',	't',	't',	'own'),
(254,	't',	'project:normal:admin',	't',	't',	't',	'normal'),
(255,	't',	'project:own:manager',	't',	't',	'f',	'own'),
(256,	't',	'project:normal:manager',	't',	't',	'f',	'normal'),
(257,	't',	'project:own:creator',	't',	'f',	'f',	'own'),
(258,	't',	'project:normal:creator',	't',	'f',	'f',	'normal'),
(259,	't',	'project:own:updater',	'f',	't',	'f',	'own'),
(260,	't',	'project:normal:updater',	'f',	't',	'f',	'normal'),
(261,	't',	'formalized_data_storage_type:own:updater',	'f',	't',	'f',	'own'),
(262,	't',	'formalized_data_storage_type:normal:updater',	'f',	't',	'f',	'normal'),
(263,	't',	'formalized_data_storage_type:own:reader',	'f',	'f',	'f',	'own'),
(264,	't',	'formalized_data_storage_type:normal:reader',	'f',	'f',	'f',	'normal'),
(265,	't',	'formalized_data_storage_type:own:admin',	't',	't',	't',	'own'),
(266,	't',	'formalized_data_storage_type:normal:admin',	't',	't',	't',	'normal'),
(267,	't',	'formalized_data_storage_type:own:manager',	't',	't',	'f',	'own'),
(268,	't',	'formalized_data_storage_type:normal:manager',	't',	't',	'f',	'normal'),
(269,	't',	'formalized_data_storage_type:own:creator',	't',	'f',	'f',	'own'),
(270,	't',	'formalized_data_storage_type:normal:creator',	't',	'f',	'f',	'normal'),
(271,	't',	'formalized_data_project:own:admin',	't',	't',	't',	'own'),
(272,	't',	'formalized_data_project:normal:admin',	't',	't',	't',	'normal'),
(273,	't',	'formalized_data_project:own:manager',	't',	't',	'f',	'own'),
(274,	't',	'formalized_data_project:normal:manager',	't',	't',	'f',	'normal'),
(275,	't',	'formalized_data_project:own:creator',	't',	'f',	'f',	'own'),
(276,	't',	'formalized_data_project:normal:creator',	't',	'f',	'f',	'normal'),
(277,	't',	'formalized_data_project:own:updater',	'f',	't',	'f',	'own'),
(278,	't',	'formalized_data_project:normal:updater',	'f',	't',	'f',	'normal'),
(279,	't',	'formalized_data_project:own:reader',	'f',	'f',	'f',	'own'),
(280,	't',	'formalized_data_project:normal:reader',	'f',	'f',	'f',	'normal'),
(281,	't',	'confidentiality_level:own:reader',	'f',	'f',	'f',	'own'),
(282,	't',	'confidentiality_level:normal:reader',	'f',	'f',	'f',	'normal'),
(283,	't',	'confidentiality_level:own:admin',	't',	't',	't',	'own'),
(284,	't',	'confidentiality_level:normal:admin',	't',	't',	't',	'normal'),
(285,	't',	'confidentiality_level:own:manager',	't',	't',	'f',	'own'),
(286,	't',	'confidentiality_level:normal:manager',	't',	't',	'f',	'normal'),
(287,	't',	'confidentiality_level:own:creator',	't',	'f',	'f',	'own'),
(288,	't',	'confidentiality_level:normal:creator',	't',	'f',	'f',	'normal'),
(289,	't',	'confidentiality_level:own:updater',	'f',	't',	'f',	'own'),
(290,	't',	'confidentiality_level:normal:updater',	'f',	't',	'f',	'normal'),
(291,	't',	'dbschema:name:normal:reader',	'f',	'f',	'f',	'normal'),
(292,	't',	'dbschema:name:responsible:reader',	'f',	'f',	'f',	'responsible'),
(293,	't',	'dbschema:name:normal:admin',	't',	't',	't',	'normal'),
(294,	't',	'dbschema:name:responsible:admin',	't',	't',	't',	'responsible'),
(295,	't',	'dbschema:name:normal:manager',	't',	't',	'f',	'normal'),
(296,	't',	'dbschema:name:responsible:manager',	't',	't',	'f',	'responsible'),
(297,	't',	'dbschema:name:normal:creator',	't',	'f',	'f',	'normal'),
(298,	't',	'dbschema:name:responsible:creator',	't',	'f',	'f',	'responsible'),
(299,	't',	'dbschema:name:normal:updater',	'f',	't',	'f',	'normal'),
(300,	't',	'dbschema:name:responsible:updater',	'f',	't',	'f',	'responsible'),
(301,	't',	'dbschema:label:normal:manager',	't',	't',	'f',	'normal'),
(302,	't',	'dbschema:label:normal:creator',	't',	'f',	'f',	'normal'),
(303,	't',	'dbschema:label:normal:updater',	'f',	't',	'f',	'normal'),
(304,	't',	'dbschema:label:normal:reader',	'f',	'f',	'f',	'normal'),
(305,	't',	'dbschema:label:normal:admin',	't',	't',	't',	'normal'),
(306,	't',	'dbschema:category:normal:admin',	't',	't',	't',	'normal'),
(307,	't',	'dbschema:category:normal:manager',	't',	't',	'f',	'normal'),
(308,	't',	'dbschema:category:normal:creator',	't',	'f',	'f',	'normal'),
(309,	't',	'dbschema:category:normal:updater',	'f',	't',	'f',	'normal'),
(310,	't',	'dbschema:category:normal:reader',	'f',	'f',	'f',	'normal'),
(311,	't',	'dbschema:fields:normal:admin',	't',	't',	't',	'normal'),
(312,	't',	'dbschema:fields:normal:manager',	't',	't',	'f',	'normal'),
(313,	't',	'dbschema:fields:normal:creator',	't',	'f',	'f',	'normal'),
(314,	't',	'dbschema:fields:normal:updater',	'f',	't',	'f',	'normal'),
(315,	't',	'dbschema:fields:normal:reader',	'f',	'f',	'f',	'normal'),
(316,	't',	'dbschema_column:name:normal:admin',	't',	't',	't',	'normal'),
(317,	't',	'dbschema_column:name:normal:manager',	't',	't',	'f',	'normal'),
(318,	't',	'dbschema_column:name:normal:creator',	't',	'f',	'f',	'normal'),
(319,	't',	'dbschema_column:name:normal:updater',	'f',	't',	'f',	'normal'),
(320,	't',	'dbschema_column:name:normal:reader',	'f',	'f',	'f',	'normal'),
(321,	't',	'dbschema_column:label:normal:creator',	't',	'f',	'f',	'normal'),
(322,	't',	'dbschema_column:label:normal:updater',	'f',	't',	'f',	'normal'),
(323,	't',	'dbschema_column:label:normal:reader',	'f',	'f',	'f',	'normal'),
(324,	't',	'dbschema_column:label:normal:admin',	't',	't',	't',	'normal'),
(325,	't',	'dbschema_column:label:normal:manager',	't',	't',	'f',	'normal'),
(326,	't',	'dbschema_column:description:normal:admin',	't',	't',	't',	'normal'),
(327,	't',	'dbschema_column:description:normal:manager',	't',	't',	'f',	'normal'),
(328,	't',	'dbschema_column:description:normal:creator',	't',	'f',	'f',	'normal'),
(329,	't',	'dbschema_column:description:normal:updater',	'f',	't',	'f',	'normal'),
(330,	't',	'dbschema_column:description:normal:reader',	'f',	'f',	'f',	'normal'),
(331,	't',	'dbschema_column:placeholder:normal:reader',	'f',	'f',	'f',	'normal'),
(332,	't',	'dbschema_column:placeholder:normal:admin',	't',	't',	't',	'normal'),
(333,	't',	'dbschema_column:placeholder:normal:manager',	't',	't',	'f',	'normal'),
(334,	't',	'dbschema_column:placeholder:normal:creator',	't',	'f',	'f',	'normal'),
(335,	't',	'dbschema_column:placeholder:normal:updater',	'f',	't',	'f',	'normal'),
(336,	't',	'dbschema_column:default_value:normal:creator',	't',	'f',	'f',	'normal'),
(337,	't',	'dbschema_column:default_value:normal:updater',	'f',	't',	'f',	'normal'),
(338,	't',	'dbschema_column:default_value:normal:reader',	'f',	'f',	'f',	'normal'),
(442,	't',	'dbentity:name:normal:admin',	't',	't',	't',	'normal'),
(339,	't',	'dbschema_column:default_value:normal:admin',	't',	't',	't',	'normal'),
(340,	't',	'dbschema_column:default_value:normal:manager',	't',	't',	'f',	'normal'),
(341,	't',	'dbschema_column:index:normal:manager',	't',	't',	'f',	'normal'),
(342,	't',	'dbschema_column:index:normal:creator',	't',	'f',	'f',	'normal'),
(343,	't',	'dbschema_column:index:normal:updater',	'f',	't',	'f',	'normal'),
(344,	't',	'dbschema_column:index:normal:reader',	'f',	'f',	'f',	'normal'),
(345,	't',	'dbschema_column:index:normal:admin',	't',	't',	't',	'normal'),
(346,	't',	'dbschema_column:readonly:normal:admin',	't',	't',	't',	'normal'),
(347,	't',	'dbschema_column:readonly:normal:manager',	't',	't',	'f',	'normal'),
(348,	't',	'dbschema_column:readonly:normal:creator',	't',	'f',	'f',	'normal'),
(349,	't',	'dbschema_column:readonly:normal:updater',	'f',	't',	'f',	'normal'),
(350,	't',	'dbschema_column:readonly:normal:reader',	'f',	'f',	'f',	'normal'),
(351,	't',	'dbschema_column:required:normal:admin',	't',	't',	't',	'normal'),
(352,	't',	'dbschema_column:required:normal:manager',	't',	't',	'f',	'normal'),
(353,	't',	'dbschema_column:required:normal:creator',	't',	'f',	'f',	'normal'),
(354,	't',	'dbschema_column:required:normal:updater',	'f',	't',	'f',	'normal'),
(355,	't',	'dbschema_column:required:normal:reader',	'f',	'f',	'f',	'normal'),
(356,	't',	'dbschema_column:read_level:normal:admin',	't',	't',	't',	'normal'),
(357,	't',	'dbschema_column:read_level:normal:manager',	't',	't',	'f',	'normal'),
(358,	't',	'dbschema_column:read_level:normal:creator',	't',	'f',	'f',	'normal'),
(359,	't',	'dbschema_column:read_level:normal:updater',	'f',	't',	'f',	'normal'),
(360,	't',	'dbschema_column:read_level:normal:reader',	'f',	'f',	'f',	'normal'),
(361,	't',	'dbschema_column:dbschema_id:normal:reader',	'f',	'f',	'f',	'normal'),
(362,	't',	'dbschema_column:dbschema_id:normal:admin',	't',	't',	't',	'normal'),
(363,	't',	'dbschema_column:dbschema_id:normal:manager',	't',	't',	'f',	'normal'),
(364,	't',	'dbschema_column:dbschema_id:normal:creator',	't',	'f',	'f',	'normal'),
(365,	't',	'dbschema_column:dbschema_id:normal:updater',	'f',	't',	'f',	'normal'),
(366,	't',	'dbschema_column:constraints:normal:admin',	't',	't',	't',	'normal'),
(367,	't',	'dbschema_column:constraints:responsible:admin',	't',	't',	't',	'responsible'),
(368,	't',	'dbschema_column:constraints:normal:manager',	't',	't',	'f',	'normal'),
(369,	't',	'dbschema_column:constraints:responsible:manager',	't',	't',	'f',	'responsible'),
(370,	't',	'dbschema_column:constraints:normal:creator',	't',	'f',	'f',	'normal'),
(371,	't',	'dbschema_column:constraints:responsible:creator',	't',	'f',	'f',	'responsible'),
(372,	't',	'dbschema_column:constraints:normal:updater',	'f',	't',	'f',	'normal'),
(373,	't',	'dbschema_column:constraints:responsible:updater',	'f',	't',	'f',	'responsible'),
(374,	't',	'dbschema_column:constraints:normal:reader',	'f',	'f',	'f',	'normal'),
(375,	't',	'dbschema_column:constraints:responsible:reader',	'f',	'f',	'f',	'responsible'),
(376,	't',	'dbschema_column:link_id:normal:admin',	't',	't',	't',	'normal'),
(377,	't',	'dbschema_column:link_id:responsible:admin',	't',	't',	't',	'responsible'),
(378,	't',	'dbschema_column:link_id:normal:manager',	't',	't',	'f',	'normal'),
(379,	't',	'dbschema_column:link_id:responsible:manager',	't',	't',	'f',	'responsible'),
(380,	't',	'dbschema_column:link_id:normal:creator',	't',	'f',	'f',	'normal'),
(381,	't',	'dbschema_column:link_id:responsible:creator',	't',	'f',	'f',	'responsible'),
(382,	't',	'dbschema_column:link_id:normal:updater',	'f',	't',	'f',	'normal'),
(383,	't',	'dbschema_column:link_id:responsible:updater',	'f',	't',	'f',	'responsible'),
(384,	't',	'dbschema_column:link_id:normal:reader',	'f',	'f',	'f',	'normal'),
(385,	't',	'dbschema_column:link_id:responsible:reader',	'f',	'f',	'f',	'responsible'),
(386,	't',	'dbuser:name:normal:admin',	't',	't',	't',	'normal'),
(387,	't',	'dbuser:name:normal:manager',	't',	't',	'f',	'normal'),
(388,	't',	'dbuser:name:normal:creator',	't',	'f',	'f',	'normal'),
(389,	't',	'dbuser:name:normal:updater',	'f',	't',	'f',	'normal'),
(390,	't',	'dbuser:name:normal:reader',	'f',	'f',	'f',	'normal'),
(391,	't',	'dbuser:email:normal:updater',	'f',	't',	'f',	'normal'),
(392,	't',	'dbuser:email:normal:reader',	'f',	'f',	'f',	'normal'),
(393,	't',	'dbuser:email:normal:admin',	't',	't',	't',	'normal'),
(394,	't',	'dbuser:email:normal:manager',	't',	't',	'f',	'normal'),
(395,	't',	'dbuser:email:normal:creator',	't',	'f',	'f',	'normal'),
(396,	't',	'dbuser:password:normal:manager',	't',	't',	'f',	'normal'),
(397,	't',	'dbuser:password:responsible:manager',	't',	't',	'f',	'responsible'),
(398,	't',	'dbuser:password:normal:creator',	't',	'f',	'f',	'normal'),
(399,	't',	'dbuser:password:responsible:creator',	't',	'f',	'f',	'responsible'),
(400,	't',	'dbuser:password:normal:updater',	'f',	't',	'f',	'normal'),
(401,	't',	'dbuser:password:responsible:updater',	'f',	't',	'f',	'responsible'),
(402,	't',	'dbuser:password:normal:reader',	'f',	'f',	'f',	'normal'),
(403,	't',	'dbuser:password:responsible:reader',	'f',	'f',	'f',	'responsible'),
(404,	't',	'dbuser:password:normal:admin',	't',	't',	't',	'normal'),
(405,	't',	'dbuser:password:responsible:admin',	't',	't',	't',	'responsible'),
(406,	't',	'dbuser:token:normal:admin',	't',	't',	't',	'normal'),
(407,	't',	'dbuser:token:normal:manager',	't',	't',	'f',	'normal'),
(408,	't',	'dbuser:token:normal:creator',	't',	'f',	'f',	'normal'),
(409,	't',	'dbuser:token:normal:updater',	'f',	't',	'f',	'normal'),
(410,	't',	'dbuser:token:normal:reader',	'f',	'f',	'f',	'normal'),
(411,	't',	'dbuser:super_admin:normal:reader',	'f',	'f',	'f',	'normal'),
(412,	't',	'dbuser:super_admin:normal:admin',	't',	't',	't',	'normal'),
(413,	't',	'dbuser:super_admin:normal:manager',	't',	't',	'f',	'normal'),
(414,	't',	'dbuser:super_admin:normal:creator',	't',	'f',	'f',	'normal'),
(415,	't',	'dbuser:super_admin:normal:updater',	'f',	't',	'f',	'normal'),
(416,	't',	'dbpermission:name:normal:admin',	't',	't',	't',	'normal'),
(417,	't',	'dbpermission:name:normal:manager',	't',	't',	'f',	'normal'),
(418,	't',	'dbpermission:name:normal:creator',	't',	'f',	'f',	'normal'),
(419,	't',	'dbpermission:name:normal:updater',	'f',	't',	'f',	'normal'),
(420,	't',	'dbpermission:name:normal:reader',	'f',	'f',	'f',	'normal'),
(421,	't',	'dbpermission:write:normal:creator',	't',	'f',	'f',	'normal'),
(422,	't',	'dbpermission:write:normal:updater',	'f',	't',	'f',	'normal'),
(423,	't',	'dbpermission:write:normal:reader',	'f',	'f',	'f',	'normal'),
(424,	't',	'dbpermission:write:normal:admin',	't',	't',	't',	'normal'),
(425,	't',	'dbpermission:write:normal:manager',	't',	't',	'f',	'normal'),
(426,	't',	'dbpermission:update:normal:admin',	't',	't',	't',	'normal'),
(427,	't',	'dbpermission:update:normal:manager',	't',	't',	'f',	'normal'),
(428,	't',	'dbpermission:update:normal:creator',	't',	'f',	'f',	'normal'),
(429,	't',	'dbpermission:update:normal:updater',	'f',	't',	'f',	'normal'),
(430,	't',	'dbpermission:update:normal:reader',	'f',	'f',	'f',	'normal'),
(431,	't',	'dbpermission:delete:normal:creator',	't',	'f',	'f',	'normal'),
(432,	't',	'dbpermission:delete:normal:updater',	'f',	't',	'f',	'normal'),
(433,	't',	'dbpermission:delete:normal:reader',	'f',	'f',	'f',	'normal'),
(434,	't',	'dbpermission:delete:normal:admin',	't',	't',	't',	'normal'),
(435,	't',	'dbpermission:delete:normal:manager',	't',	't',	'f',	'normal'),
(436,	't',	'dbpermission:read:normal:admin',	't',	't',	't',	'normal'),
(437,	't',	'dbpermission:read:normal:manager',	't',	't',	'f',	'normal'),
(438,	't',	'dbpermission:read:normal:creator',	't',	'f',	'f',	'normal'),
(439,	't',	'dbpermission:read:normal:updater',	'f',	't',	'f',	'normal'),
(440,	't',	'dbpermission:read:normal:reader',	'f',	'f',	'f',	'normal'),
(441,	't',	'dbentity:name:normal:reader',	'f',	'f',	'f',	'normal'),
(443,	't',	'dbentity:name:normal:manager',	't',	't',	'f',	'normal'),
(444,	't',	'dbentity:name:normal:creator',	't',	'f',	'f',	'normal'),
(445,	't',	'dbentity:name:normal:updater',	'f',	't',	'f',	'normal'),
(446,	't',	'dbentity:description:normal:admin',	't',	't',	't',	'normal'),
(447,	't',	'dbentity:description:normal:manager',	't',	't',	'f',	'normal'),
(448,	't',	'dbentity:description:normal:creator',	't',	'f',	'f',	'normal'),
(449,	't',	'dbentity:description:normal:updater',	'f',	't',	'f',	'normal'),
(450,	't',	'dbentity:description:normal:reader',	'f',	'f',	'f',	'normal'),
(451,	't',	'dbentity:parent_id:normal:updater',	'f',	't',	'f',	'normal'),
(452,	't',	'dbentity:parent_id:normal:reader',	'f',	'f',	'f',	'normal'),
(453,	't',	'dbentity:parent_id:normal:admin',	't',	't',	't',	'normal'),
(454,	't',	'dbentity:parent_id:normal:manager',	't',	't',	'f',	'normal'),
(455,	't',	'dbentity:parent_id:normal:creator',	't',	'f',	'f',	'normal'),
(456,	't',	'dbrole:name:normal:admin',	't',	't',	't',	'normal'),
(457,	't',	'dbrole:name:normal:manager',	't',	't',	'f',	'normal'),
(458,	't',	'dbrole:name:normal:creator',	't',	'f',	'f',	'normal'),
(459,	't',	'dbrole:name:normal:updater',	'f',	't',	'f',	'normal'),
(460,	't',	'dbrole:name:normal:reader',	'f',	'f',	'f',	'normal'),
(461,	't',	'dbrole:description:normal:updater',	'f',	't',	'f',	'normal'),
(462,	't',	'dbrole:description:normal:reader',	'f',	'f',	'f',	'normal'),
(463,	't',	'dbrole:description:normal:admin',	't',	't',	't',	'normal'),
(464,	't',	'dbrole:description:normal:manager',	't',	't',	'f',	'normal'),
(465,	't',	'dbrole:description:normal:creator',	't',	'f',	'f',	'normal'),
(466,	't',	'dbdata_access:update:normal:admin',	't',	't',	't',	'normal'),
(467,	't',	'dbdata_access:update:normal:manager',	't',	't',	'f',	'normal'),
(468,	't',	'dbdata_access:update:normal:creator',	't',	'f',	'f',	'normal'),
(469,	't',	'dbdata_access:update:normal:updater',	'f',	't',	'f',	'normal'),
(470,	't',	'dbdata_access:update:normal:reader',	'f',	'f',	'f',	'normal'),
(471,	't',	'dbdata_access:write:normal:creator',	't',	'f',	'f',	'normal'),
(472,	't',	'dbdata_access:write:normal:updater',	'f',	't',	'f',	'normal'),
(473,	't',	'dbdata_access:write:normal:reader',	'f',	'f',	'f',	'normal'),
(474,	't',	'dbdata_access:write:normal:admin',	't',	't',	't',	'normal'),
(475,	't',	'dbdata_access:write:normal:manager',	't',	't',	'f',	'normal'),
(476,	't',	'dbdata_access:access_date:normal:admin',	't',	't',	't',	'normal'),
(477,	't',	'dbdata_access:access_date:normal:manager',	't',	't',	'f',	'normal'),
(478,	't',	'dbdata_access:access_date:normal:creator',	't',	'f',	'f',	'normal'),
(479,	't',	'dbdata_access:access_date:normal:updater',	'f',	't',	'f',	'normal'),
(480,	't',	'dbdata_access:access_date:normal:reader',	'f',	'f',	'f',	'normal'),
(481,	't',	'dbdata_access:dbdest_table_id:normal:updater',	'f',	't',	'f',	'normal'),
(482,	't',	'dbdata_access:dbdest_table_id:normal:reader',	'f',	'f',	'f',	'normal'),
(483,	't',	'dbdata_access:dbdest_table_id:normal:admin',	't',	't',	't',	'normal'),
(484,	't',	'dbdata_access:dbdest_table_id:normal:manager',	't',	't',	'f',	'normal'),
(485,	't',	'dbdata_access:dbdest_table_id:normal:creator',	't',	'f',	'f',	'normal'),
(486,	't',	'dbdata_access:dbschema_id:normal:admin',	't',	't',	't',	'normal'),
(487,	't',	'dbdata_access:dbschema_id:normal:manager',	't',	't',	'f',	'normal'),
(488,	't',	'dbdata_access:dbschema_id:normal:creator',	't',	'f',	'f',	'normal'),
(489,	't',	'dbdata_access:dbschema_id:normal:updater',	'f',	't',	'f',	'normal'),
(490,	't',	'dbdata_access:dbschema_id:normal:reader',	'f',	'f',	'f',	'normal'),
(491,	't',	'dbdata_access:dbuser_id:normal:manager',	't',	't',	'f',	'normal'),
(492,	't',	'dbdata_access:dbuser_id:normal:creator',	't',	'f',	'f',	'normal'),
(493,	't',	'dbdata_access:dbuser_id:normal:updater',	'f',	't',	'f',	'normal'),
(494,	't',	'dbdata_access:dbuser_id:normal:reader',	'f',	'f',	'f',	'normal'),
(495,	't',	'dbdata_access:dbuser_id:normal:admin',	't',	't',	't',	'normal'),
(496,	't',	'dbnotification:name:normal:admin',	't',	't',	't',	'normal'),
(497,	't',	'dbnotification:name:normal:manager',	't',	't',	'f',	'normal'),
(498,	't',	'dbnotification:name:normal:creator',	't',	'f',	'f',	'normal'),
(499,	't',	'dbnotification:name:normal:updater',	'f',	't',	'f',	'normal'),
(500,	't',	'dbnotification:name:normal:reader',	'f',	'f',	'f',	'normal'),
(501,	't',	'dbnotification:description:normal:admin',	't',	't',	't',	'normal'),
(502,	't',	'dbnotification:description:normal:manager',	't',	't',	'f',	'normal'),
(503,	't',	'dbnotification:description:normal:creator',	't',	'f',	'f',	'normal'),
(504,	't',	'dbnotification:description:normal:updater',	'f',	't',	'f',	'normal'),
(505,	't',	'dbnotification:description:normal:reader',	'f',	'f',	'f',	'normal'),
(506,	't',	'dbnotification:dbuser_id:normal:updater',	'f',	't',	'f',	'normal'),
(507,	't',	'dbnotification:dbuser_id:normal:reader',	'f',	'f',	'f',	'normal'),
(508,	't',	'dbnotification:dbuser_id:normal:admin',	't',	't',	't',	'normal'),
(509,	't',	'dbnotification:dbuser_id:normal:manager',	't',	't',	'f',	'normal'),
(510,	't',	'dbnotification:dbuser_id:normal:creator',	't',	'f',	'f',	'normal'),
(511,	't',	'dbnotification:dbentity_id:normal:admin',	't',	't',	't',	'normal'),
(512,	't',	'dbnotification:dbentity_id:normal:manager',	't',	't',	'f',	'normal'),
(513,	't',	'dbnotification:dbentity_id:normal:creator',	't',	'f',	'f',	'normal'),
(514,	't',	'dbnotification:dbentity_id:normal:updater',	'f',	't',	'f',	'normal'),
(515,	't',	'dbnotification:dbentity_id:normal:reader',	'f',	'f',	'f',	'normal'),
(516,	't',	'dbnotification:dbdest_table_id:normal:admin',	't',	't',	't',	'normal'),
(517,	't',	'dbnotification:dbdest_table_id:normal:manager',	't',	't',	'f',	'normal'),
(518,	't',	'dbnotification:dbdest_table_id:normal:creator',	't',	'f',	'f',	'normal'),
(519,	't',	'dbnotification:dbdest_table_id:normal:updater',	'f',	't',	'f',	'normal'),
(520,	't',	'dbnotification:dbdest_table_id:normal:reader',	'f',	'f',	'f',	'normal'),
(521,	't',	'dbnotification:link_id:normal:creator',	't',	'f',	'f',	'normal'),
(522,	't',	'dbnotification:link_id:normal:updater',	'f',	't',	'f',	'normal'),
(523,	't',	'dbnotification:link_id:normal:reader',	'f',	'f',	'f',	'normal'),
(524,	't',	'dbnotification:link_id:normal:admin',	't',	't',	't',	'normal'),
(525,	't',	'dbnotification:link_id:normal:manager',	't',	't',	'f',	'normal'),
(526,	't',	'dbentity_user:dbuser_id:normal:creator',	't',	'f',	'f',	'normal'),
(527,	't',	'dbentity_user:dbuser_id:normal:updater',	'f',	't',	'f',	'normal'),
(528,	't',	'dbentity_user:dbuser_id:normal:reader',	'f',	'f',	'f',	'normal'),
(529,	't',	'dbentity_user:dbuser_id:normal:admin',	't',	't',	't',	'normal'),
(530,	't',	'dbentity_user:dbuser_id:normal:manager',	't',	't',	'f',	'normal'),
(531,	't',	'dbentity_user:dbentity_id:normal:admin',	't',	't',	't',	'normal'),
(532,	't',	'dbentity_user:dbentity_id:normal:manager',	't',	't',	'f',	'normal'),
(533,	't',	'dbentity_user:dbentity_id:normal:creator',	't',	'f',	'f',	'normal'),
(534,	't',	'dbentity_user:dbentity_id:normal:updater',	'f',	't',	'f',	'normal'),
(535,	't',	'dbentity_user:dbentity_id:normal:reader',	'f',	'f',	'f',	'normal'),
(536,	't',	'dbentity_user:start_date:normal:manager',	't',	't',	'f',	'normal'),
(537,	't',	'dbentity_user:start_date:normal:creator',	't',	'f',	'f',	'normal'),
(538,	't',	'dbentity_user:start_date:normal:updater',	'f',	't',	'f',	'normal'),
(539,	't',	'dbentity_user:start_date:normal:reader',	'f',	'f',	'f',	'normal'),
(540,	't',	'dbentity_user:start_date:normal:admin',	't',	't',	't',	'normal'),
(541,	't',	'dbentity_user:end_date:normal:admin',	't',	't',	't',	'normal'),
(542,	't',	'dbentity_user:end_date:normal:manager',	't',	't',	'f',	'normal'),
(1176,	't',	'valuation:own:admin',	't',	't',	't',	'own'),
(543,	't',	'dbentity_user:end_date:normal:creator',	't',	'f',	'f',	'normal'),
(544,	't',	'dbentity_user:end_date:normal:updater',	'f',	't',	'f',	'normal'),
(545,	't',	'dbentity_user:end_date:normal:reader',	'f',	'f',	'f',	'normal'),
(546,	't',	'dbrole_attribution:dbuser_id:normal:admin',	't',	't',	't',	'normal'),
(547,	't',	'dbrole_attribution:dbuser_id:normal:manager',	't',	't',	'f',	'normal'),
(548,	't',	'dbrole_attribution:dbuser_id:normal:creator',	't',	'f',	'f',	'normal'),
(549,	't',	'dbrole_attribution:dbuser_id:normal:updater',	'f',	't',	'f',	'normal'),
(550,	't',	'dbrole_attribution:dbuser_id:normal:reader',	'f',	'f',	'f',	'normal'),
(551,	't',	'dbrole_attribution:dbentity_id:normal:admin',	't',	't',	't',	'normal'),
(552,	't',	'dbrole_attribution:dbentity_id:normal:manager',	't',	't',	'f',	'normal'),
(553,	't',	'dbrole_attribution:dbentity_id:normal:creator',	't',	'f',	'f',	'normal'),
(554,	't',	'dbrole_attribution:dbentity_id:normal:updater',	'f',	't',	'f',	'normal'),
(555,	't',	'dbrole_attribution:dbentity_id:normal:reader',	'f',	'f',	'f',	'normal'),
(556,	't',	'dbrole_attribution:dbrole_id:normal:admin',	't',	't',	't',	'normal'),
(557,	't',	'dbrole_attribution:dbrole_id:normal:manager',	't',	't',	'f',	'normal'),
(558,	't',	'dbrole_attribution:dbrole_id:normal:creator',	't',	'f',	'f',	'normal'),
(559,	't',	'dbrole_attribution:dbrole_id:normal:updater',	'f',	't',	'f',	'normal'),
(560,	't',	'dbrole_attribution:dbrole_id:normal:reader',	'f',	'f',	'f',	'normal'),
(561,	't',	'dbrole_attribution:start_date:normal:manager',	't',	't',	'f',	'normal'),
(562,	't',	'dbrole_attribution:start_date:normal:creator',	't',	'f',	'f',	'normal'),
(563,	't',	'dbrole_attribution:start_date:normal:updater',	'f',	't',	'f',	'normal'),
(564,	't',	'dbrole_attribution:start_date:normal:reader',	'f',	'f',	'f',	'normal'),
(565,	't',	'dbrole_attribution:start_date:normal:admin',	't',	't',	't',	'normal'),
(566,	't',	'dbrole_attribution:end_date:normal:updater',	'f',	't',	'f',	'normal'),
(567,	't',	'dbrole_attribution:end_date:normal:reader',	'f',	'f',	'f',	'normal'),
(568,	't',	'dbrole_attribution:end_date:normal:admin',	't',	't',	't',	'normal'),
(569,	't',	'dbrole_attribution:end_date:normal:manager',	't',	't',	'f',	'normal'),
(570,	't',	'dbrole_attribution:end_date:normal:creator',	't',	'f',	'f',	'normal'),
(571,	't',	'dbrequest:name:normal:admin',	't',	't',	't',	'normal'),
(572,	't',	'dbrequest:name:normal:manager',	't',	't',	'f',	'normal'),
(573,	't',	'dbrequest:name:normal:creator',	't',	'f',	'f',	'normal'),
(574,	't',	'dbrequest:name:normal:updater',	'f',	't',	'f',	'normal'),
(575,	't',	'dbrequest:name:normal:reader',	'f',	'f',	'f',	'normal'),
(576,	't',	'dbrequest:state:normal:admin',	't',	't',	't',	'normal'),
(577,	't',	'dbrequest:state:responsible:admin',	't',	't',	't',	'responsible'),
(578,	't',	'dbrequest:state:normal:manager',	't',	't',	'f',	'normal'),
(579,	't',	'dbrequest:state:responsible:manager',	't',	't',	'f',	'responsible'),
(580,	't',	'dbrequest:state:normal:creator',	't',	'f',	'f',	'normal'),
(581,	't',	'dbrequest:state:responsible:creator',	't',	'f',	'f',	'responsible'),
(582,	't',	'dbrequest:state:normal:updater',	'f',	't',	'f',	'normal'),
(583,	't',	'dbrequest:state:responsible:updater',	'f',	't',	'f',	'responsible'),
(584,	't',	'dbrequest:state:normal:reader',	'f',	'f',	'f',	'normal'),
(585,	't',	'dbrequest:state:responsible:reader',	'f',	'f',	'f',	'responsible'),
(586,	't',	'dbrequest:is_close:normal:admin',	't',	't',	't',	'normal'),
(587,	't',	'dbrequest:is_close:responsible:admin',	't',	't',	't',	'responsible'),
(588,	't',	'dbrequest:is_close:normal:manager',	't',	't',	'f',	'normal'),
(589,	't',	'dbrequest:is_close:responsible:manager',	't',	't',	'f',	'responsible'),
(590,	't',	'dbrequest:is_close:normal:creator',	't',	'f',	'f',	'normal'),
(591,	't',	'dbrequest:is_close:responsible:creator',	't',	'f',	'f',	'responsible'),
(592,	't',	'dbrequest:is_close:normal:updater',	'f',	't',	'f',	'normal'),
(593,	't',	'dbrequest:is_close:responsible:updater',	'f',	't',	'f',	'responsible'),
(594,	't',	'dbrequest:is_close:normal:reader',	'f',	'f',	'f',	'normal'),
(595,	't',	'dbrequest:is_close:responsible:reader',	'f',	'f',	'f',	'responsible'),
(596,	't',	'dbrequest:current_index:normal:updater',	'f',	't',	'f',	'normal'),
(597,	't',	'dbrequest:current_index:responsible:updater',	'f',	't',	'f',	'responsible'),
(598,	't',	'dbrequest:current_index:normal:reader',	'f',	'f',	'f',	'normal'),
(599,	't',	'dbrequest:current_index:responsible:reader',	'f',	'f',	'f',	'responsible'),
(600,	't',	'dbrequest:current_index:normal:admin',	't',	't',	't',	'normal'),
(601,	't',	'dbrequest:current_index:responsible:admin',	't',	't',	't',	'responsible'),
(602,	't',	'dbrequest:current_index:normal:manager',	't',	't',	'f',	'normal'),
(603,	't',	'dbrequest:current_index:responsible:manager',	't',	't',	'f',	'responsible'),
(604,	't',	'dbrequest:current_index:normal:creator',	't',	'f',	'f',	'normal'),
(605,	't',	'dbrequest:current_index:responsible:creator',	't',	'f',	'f',	'responsible'),
(606,	't',	'dbrequest:created_date:normal:updater',	'f',	't',	'f',	'normal'),
(607,	't',	'dbrequest:created_date:responsible:updater',	'f',	't',	'f',	'responsible'),
(608,	't',	'dbrequest:created_date:normal:reader',	'f',	'f',	'f',	'normal'),
(609,	't',	'dbrequest:created_date:responsible:reader',	'f',	'f',	'f',	'responsible'),
(610,	't',	'dbrequest:created_date:normal:admin',	't',	't',	't',	'normal'),
(611,	't',	'dbrequest:created_date:responsible:admin',	't',	't',	't',	'responsible'),
(612,	't',	'dbrequest:created_date:normal:manager',	't',	't',	'f',	'normal'),
(613,	't',	'dbrequest:created_date:responsible:manager',	't',	't',	'f',	'responsible'),
(614,	't',	'dbrequest:created_date:normal:creator',	't',	'f',	'f',	'normal'),
(615,	't',	'dbrequest:created_date:responsible:creator',	't',	'f',	'f',	'responsible'),
(616,	't',	'dbrequest:closing_date:normal:admin',	't',	't',	't',	'normal'),
(617,	't',	'dbrequest:closing_date:responsible:admin',	't',	't',	't',	'responsible'),
(618,	't',	'dbrequest:closing_date:normal:manager',	't',	't',	'f',	'normal'),
(619,	't',	'dbrequest:closing_date:responsible:manager',	't',	't',	'f',	'responsible'),
(620,	't',	'dbrequest:closing_date:normal:creator',	't',	'f',	'f',	'normal'),
(621,	't',	'dbrequest:closing_date:responsible:creator',	't',	'f',	'f',	'responsible'),
(622,	't',	'dbrequest:closing_date:normal:updater',	'f',	't',	'f',	'normal'),
(623,	't',	'dbrequest:closing_date:responsible:updater',	'f',	't',	'f',	'responsible'),
(624,	't',	'dbrequest:closing_date:normal:reader',	'f',	'f',	'f',	'normal'),
(625,	't',	'dbrequest:closing_date:responsible:reader',	'f',	'f',	'f',	'responsible'),
(626,	't',	'dbrequest:dbdest_table_id:normal:creator',	't',	'f',	'f',	'normal'),
(627,	't',	'dbrequest:dbdest_table_id:responsible:creator',	't',	'f',	'f',	'responsible'),
(628,	't',	'dbrequest:dbdest_table_id:normal:updater',	'f',	't',	'f',	'normal'),
(629,	't',	'dbrequest:dbdest_table_id:responsible:updater',	'f',	't',	'f',	'responsible'),
(630,	't',	'dbrequest:dbdest_table_id:normal:reader',	'f',	'f',	'f',	'normal'),
(631,	't',	'dbrequest:dbdest_table_id:responsible:reader',	'f',	'f',	'f',	'responsible'),
(632,	't',	'dbrequest:dbdest_table_id:normal:admin',	't',	't',	't',	'normal'),
(633,	't',	'dbrequest:dbdest_table_id:responsible:admin',	't',	't',	't',	'responsible'),
(634,	't',	'dbrequest:dbdest_table_id:normal:manager',	't',	't',	'f',	'normal'),
(635,	't',	'dbrequest:dbdest_table_id:responsible:manager',	't',	't',	'f',	'responsible'),
(636,	't',	'dbrequest:dbschema_id:normal:reader',	'f',	'f',	'f',	'normal'),
(637,	't',	'dbrequest:dbschema_id:responsible:reader',	'f',	'f',	'f',	'responsible'),
(638,	't',	'dbrequest:dbschema_id:normal:admin',	't',	't',	't',	'normal'),
(639,	't',	'dbrequest:dbschema_id:responsible:admin',	't',	't',	't',	'responsible'),
(640,	't',	'dbrequest:dbschema_id:normal:manager',	't',	't',	'f',	'normal'),
(641,	't',	'dbrequest:dbschema_id:responsible:manager',	't',	't',	'f',	'responsible'),
(642,	't',	'dbrequest:dbschema_id:normal:creator',	't',	'f',	'f',	'normal'),
(643,	't',	'dbrequest:dbschema_id:responsible:creator',	't',	'f',	'f',	'responsible'),
(644,	't',	'dbrequest:dbschema_id:normal:updater',	'f',	't',	'f',	'normal'),
(645,	't',	'dbrequest:dbschema_id:responsible:updater',	'f',	't',	'f',	'responsible'),
(646,	't',	'dbrequest:dbworkflow_id:normal:manager',	't',	't',	'f',	'normal'),
(647,	't',	'dbrequest:dbworkflow_id:normal:creator',	't',	'f',	'f',	'normal'),
(648,	't',	'dbrequest:dbworkflow_id:normal:updater',	'f',	't',	'f',	'normal'),
(649,	't',	'dbrequest:dbworkflow_id:normal:reader',	'f',	'f',	'f',	'normal'),
(650,	't',	'dbrequest:dbworkflow_id:normal:admin',	't',	't',	't',	'normal'),
(651,	't',	'dbrequest:dbuser_id:normal:creator',	't',	'f',	'f',	'normal'),
(652,	't',	'dbrequest:dbuser_id:responsible:creator',	't',	'f',	'f',	'responsible'),
(653,	't',	'dbrequest:dbuser_id:normal:updater',	'f',	't',	'f',	'normal'),
(654,	't',	'dbrequest:dbuser_id:responsible:updater',	'f',	't',	'f',	'responsible'),
(655,	't',	'dbrequest:dbuser_id:normal:reader',	'f',	'f',	'f',	'normal'),
(656,	't',	'dbrequest:dbuser_id:responsible:reader',	'f',	'f',	'f',	'responsible'),
(657,	't',	'dbrequest:dbuser_id:normal:admin',	't',	't',	't',	'normal'),
(658,	't',	'dbrequest:dbuser_id:responsible:admin',	't',	't',	't',	'responsible'),
(659,	't',	'dbrequest:dbuser_id:normal:manager',	't',	't',	'f',	'normal'),
(660,	't',	'dbrequest:dbuser_id:responsible:manager',	't',	't',	'f',	'responsible'),
(661,	't',	'dbrequest:is_meta:normal:admin',	't',	't',	't',	'normal'),
(662,	't',	'dbrequest:is_meta:responsible:admin',	't',	't',	't',	'responsible'),
(663,	't',	'dbrequest:is_meta:normal:manager',	't',	't',	'f',	'normal'),
(664,	't',	'dbrequest:is_meta:responsible:manager',	't',	't',	'f',	'responsible'),
(665,	't',	'dbrequest:is_meta:normal:creator',	't',	'f',	'f',	'normal'),
(666,	't',	'dbrequest:is_meta:responsible:creator',	't',	'f',	'f',	'responsible'),
(667,	't',	'dbrequest:is_meta:normal:updater',	'f',	't',	'f',	'normal'),
(668,	't',	'dbrequest:is_meta:responsible:updater',	'f',	't',	'f',	'responsible'),
(669,	't',	'dbrequest:is_meta:normal:reader',	'f',	'f',	'f',	'normal'),
(670,	't',	'dbrequest:is_meta:responsible:reader',	'f',	'f',	'f',	'responsible'),
(671,	't',	'dbtask:name:normal:admin',	't',	't',	't',	'normal'),
(672,	't',	'dbtask:name:normal:manager',	't',	't',	'f',	'normal'),
(673,	't',	'dbtask:name:normal:creator',	't',	'f',	'f',	'normal'),
(674,	't',	'dbtask:name:normal:updater',	'f',	't',	'f',	'normal'),
(675,	't',	'dbtask:name:normal:reader',	'f',	'f',	'f',	'normal'),
(676,	't',	'dbtask:description:normal:manager',	't',	't',	'f',	'normal'),
(677,	't',	'dbtask:description:normal:creator',	't',	'f',	'f',	'normal'),
(678,	't',	'dbtask:description:normal:updater',	'f',	't',	'f',	'normal'),
(679,	't',	'dbtask:description:normal:reader',	'f',	'f',	'f',	'normal'),
(680,	't',	'dbtask:description:normal:admin',	't',	't',	't',	'normal'),
(681,	't',	'dbtask:state:normal:admin',	't',	't',	't',	'normal'),
(682,	't',	'dbtask:state:normal:manager',	't',	't',	'f',	'normal'),
(683,	't',	'dbtask:state:normal:creator',	't',	'f',	'f',	'normal'),
(684,	't',	'dbtask:state:normal:updater',	'f',	't',	'f',	'normal'),
(685,	't',	'dbtask:state:normal:reader',	'f',	'f',	'f',	'normal'),
(686,	't',	'dbtask:is_close:normal:reader',	'f',	'f',	'f',	'normal'),
(687,	't',	'dbtask:is_close:responsible:reader',	'f',	'f',	'f',	'responsible'),
(688,	't',	'dbtask:is_close:normal:admin',	't',	't',	't',	'normal'),
(689,	't',	'dbtask:is_close:responsible:admin',	't',	't',	't',	'responsible'),
(690,	't',	'dbtask:is_close:normal:manager',	't',	't',	'f',	'normal'),
(691,	't',	'dbtask:is_close:responsible:manager',	't',	't',	'f',	'responsible'),
(692,	't',	'dbtask:is_close:normal:creator',	't',	'f',	'f',	'normal'),
(693,	't',	'dbtask:is_close:responsible:creator',	't',	'f',	'f',	'responsible'),
(694,	't',	'dbtask:is_close:normal:updater',	'f',	't',	'f',	'normal'),
(695,	't',	'dbtask:is_close:responsible:updater',	'f',	't',	'f',	'responsible'),
(696,	't',	'dbtask:urgency:normal:admin',	't',	't',	't',	'normal'),
(697,	't',	'dbtask:urgency:normal:manager',	't',	't',	'f',	'normal'),
(698,	't',	'dbtask:urgency:normal:creator',	't',	'f',	'f',	'normal'),
(699,	't',	'dbtask:urgency:normal:updater',	'f',	't',	'f',	'normal'),
(700,	't',	'dbtask:urgency:normal:reader',	'f',	'f',	'f',	'normal'),
(701,	't',	'dbtask:priority:normal:admin',	't',	't',	't',	'normal'),
(702,	't',	'dbtask:priority:normal:manager',	't',	't',	'f',	'normal'),
(703,	't',	'dbtask:priority:normal:creator',	't',	'f',	'f',	'normal'),
(704,	't',	'dbtask:priority:normal:updater',	'f',	't',	'f',	'normal'),
(705,	't',	'dbtask:priority:normal:reader',	'f',	'f',	'f',	'normal'),
(706,	't',	'dbtask:comment:normal:manager',	't',	't',	'f',	'normal'),
(707,	't',	'dbtask:comment:normal:creator',	't',	'f',	'f',	'normal'),
(708,	't',	'dbtask:comment:normal:updater',	'f',	't',	'f',	'normal'),
(709,	't',	'dbtask:comment:normal:reader',	'f',	'f',	'f',	'normal'),
(710,	't',	'dbtask:comment:normal:admin',	't',	't',	't',	'normal'),
(711,	't',	'dbtask:dbuser_id:normal:creator',	't',	'f',	'f',	'normal'),
(712,	't',	'dbtask:dbuser_id:responsible:creator',	't',	'f',	'f',	'responsible'),
(713,	't',	'dbtask:dbuser_id:normal:updater',	'f',	't',	'f',	'normal'),
(714,	't',	'dbtask:dbuser_id:responsible:updater',	'f',	't',	'f',	'responsible'),
(715,	't',	'dbtask:dbuser_id:normal:reader',	'f',	'f',	'f',	'normal'),
(716,	't',	'dbtask:dbuser_id:responsible:reader',	'f',	'f',	'f',	'responsible'),
(717,	't',	'dbtask:dbuser_id:normal:admin',	't',	't',	't',	'normal'),
(718,	't',	'dbtask:dbuser_id:responsible:admin',	't',	't',	't',	'responsible'),
(719,	't',	'dbtask:dbuser_id:normal:manager',	't',	't',	'f',	'normal'),
(720,	't',	'dbtask:dbuser_id:responsible:manager',	't',	't',	'f',	'responsible'),
(721,	't',	'dbtask:created_date:normal:admin',	't',	't',	't',	'normal'),
(722,	't',	'dbtask:created_date:normal:manager',	't',	't',	'f',	'normal'),
(723,	't',	'dbtask:created_date:normal:creator',	't',	'f',	'f',	'normal'),
(724,	't',	'dbtask:created_date:normal:updater',	'f',	't',	'f',	'normal'),
(725,	't',	'dbtask:created_date:normal:reader',	'f',	'f',	'f',	'normal'),
(726,	't',	'dbtask:closing_date:normal:creator',	't',	'f',	'f',	'normal'),
(727,	't',	'dbtask:closing_date:normal:updater',	'f',	't',	'f',	'normal'),
(728,	't',	'dbtask:closing_date:normal:reader',	'f',	'f',	'f',	'normal'),
(729,	't',	'dbtask:closing_date:normal:admin',	't',	't',	't',	'normal'),
(730,	't',	'dbtask:closing_date:normal:manager',	't',	't',	'f',	'normal'),
(731,	't',	'dbtask:dbdest_table_id:normal:updater',	'f',	't',	'f',	'normal'),
(732,	't',	'dbtask:dbdest_table_id:normal:reader',	'f',	'f',	'f',	'normal'),
(733,	't',	'dbtask:dbdest_table_id:normal:admin',	't',	't',	't',	'normal'),
(734,	't',	'dbtask:dbdest_table_id:normal:manager',	't',	't',	'f',	'normal'),
(735,	't',	'dbtask:dbdest_table_id:normal:creator',	't',	'f',	'f',	'normal'),
(736,	't',	'dbtask:dbschema_id:normal:updater',	'f',	't',	'f',	'normal'),
(737,	't',	'dbtask:dbschema_id:normal:reader',	'f',	'f',	'f',	'normal'),
(738,	't',	'dbtask:dbschema_id:normal:admin',	't',	't',	't',	'normal'),
(739,	't',	'dbtask:dbschema_id:normal:manager',	't',	't',	'f',	'normal'),
(740,	't',	'dbtask:dbschema_id:normal:creator',	't',	'f',	'f',	'normal'),
(741,	't',	'dbtask:dbrequest_id:normal:updater',	'f',	't',	'f',	'normal'),
(742,	't',	'dbtask:dbrequest_id:normal:reader',	'f',	'f',	'f',	'normal'),
(743,	't',	'dbtask:dbrequest_id:normal:admin',	't',	't',	't',	'normal'),
(744,	't',	'dbtask:dbrequest_id:normal:manager',	't',	't',	'f',	'normal'),
(745,	't',	'dbtask:dbrequest_id:normal:creator',	't',	'f',	'f',	'normal'),
(1177,	't',	'valuation:normal:admin',	't',	't',	't',	'normal'),
(746,	't',	'dbtask:dbworkflow_schema_id:normal:reader',	'f',	'f',	'f',	'normal'),
(747,	't',	'dbtask:dbworkflow_schema_id:responsible:reader',	'f',	'f',	'f',	'responsible'),
(748,	't',	'dbtask:dbworkflow_schema_id:normal:admin',	't',	't',	't',	'normal'),
(749,	't',	'dbtask:dbworkflow_schema_id:responsible:admin',	't',	't',	't',	'responsible'),
(750,	't',	'dbtask:dbworkflow_schema_id:normal:manager',	't',	't',	'f',	'normal'),
(751,	't',	'dbtask:dbworkflow_schema_id:responsible:manager',	't',	't',	'f',	'responsible'),
(752,	't',	'dbtask:dbworkflow_schema_id:normal:creator',	't',	'f',	'f',	'normal'),
(753,	't',	'dbtask:dbworkflow_schema_id:responsible:creator',	't',	'f',	'f',	'responsible'),
(754,	't',	'dbtask:dbworkflow_schema_id:normal:updater',	'f',	't',	'f',	'normal'),
(755,	't',	'dbtask:dbworkflow_schema_id:responsible:updater',	'f',	't',	'f',	'responsible'),
(756,	't',	'dbtask:nexts:normal:admin',	't',	't',	't',	'normal'),
(757,	't',	'dbtask:nexts:responsible:admin',	't',	't',	't',	'responsible'),
(758,	't',	'dbtask:nexts:normal:manager',	't',	't',	'f',	'normal'),
(759,	't',	'dbtask:nexts:responsible:manager',	't',	't',	'f',	'responsible'),
(760,	't',	'dbtask:nexts:normal:creator',	't',	'f',	'f',	'normal'),
(761,	't',	'dbtask:nexts:responsible:creator',	't',	'f',	'f',	'responsible'),
(762,	't',	'dbtask:nexts:normal:updater',	'f',	't',	'f',	'normal'),
(763,	't',	'dbtask:nexts:responsible:updater',	'f',	't',	'f',	'responsible'),
(764,	't',	'dbtask:nexts:normal:reader',	'f',	'f',	'f',	'normal'),
(765,	't',	'dbtask:nexts:responsible:reader',	'f',	'f',	'f',	'responsible'),
(766,	't',	'dbtask:meta_dbrequest_id:normal:manager',	't',	't',	'f',	'normal'),
(767,	't',	'dbtask:meta_dbrequest_id:normal:creator',	't',	'f',	'f',	'normal'),
(768,	't',	'dbtask:meta_dbrequest_id:normal:updater',	'f',	't',	'f',	'normal'),
(769,	't',	'dbtask:meta_dbrequest_id:normal:reader',	'f',	'f',	'f',	'normal'),
(770,	't',	'dbtask:meta_dbrequest_id:normal:admin',	't',	't',	't',	'normal'),
(771,	't',	'dbworkflow_schema:name:normal:reader',	'f',	'f',	'f',	'normal'),
(772,	't',	'dbworkflow_schema:name:normal:admin',	't',	't',	't',	'normal'),
(773,	't',	'dbworkflow_schema:name:normal:manager',	't',	't',	'f',	'normal'),
(774,	't',	'dbworkflow_schema:name:normal:creator',	't',	'f',	'f',	'normal'),
(775,	't',	'dbworkflow_schema:name:normal:updater',	'f',	't',	'f',	'normal'),
(776,	't',	'dbworkflow_schema:description:normal:creator',	't',	'f',	'f',	'normal'),
(777,	't',	'dbworkflow_schema:description:normal:updater',	'f',	't',	'f',	'normal'),
(778,	't',	'dbworkflow_schema:description:normal:reader',	'f',	'f',	'f',	'normal'),
(779,	't',	'dbworkflow_schema:description:normal:admin',	't',	't',	't',	'normal'),
(780,	't',	'dbworkflow_schema:description:normal:manager',	't',	't',	'f',	'normal'),
(781,	't',	'dbworkflow_schema:index:normal:manager',	't',	't',	'f',	'normal'),
(782,	't',	'dbworkflow_schema:index:normal:creator',	't',	'f',	'f',	'normal'),
(783,	't',	'dbworkflow_schema:index:normal:updater',	'f',	't',	'f',	'normal'),
(784,	't',	'dbworkflow_schema:index:normal:reader',	'f',	'f',	'f',	'normal'),
(785,	't',	'dbworkflow_schema:index:normal:admin',	't',	't',	't',	'normal'),
(786,	't',	'dbworkflow_schema:urgency:normal:manager',	't',	't',	'f',	'normal'),
(787,	't',	'dbworkflow_schema:urgency:normal:creator',	't',	'f',	'f',	'normal'),
(788,	't',	'dbworkflow_schema:urgency:normal:updater',	'f',	't',	'f',	'normal'),
(789,	't',	'dbworkflow_schema:urgency:normal:reader',	'f',	'f',	'f',	'normal'),
(790,	't',	'dbworkflow_schema:urgency:normal:admin',	't',	't',	't',	'normal'),
(791,	't',	'dbworkflow_schema:priority:normal:updater',	'f',	't',	'f',	'normal'),
(792,	't',	'dbworkflow_schema:priority:normal:reader',	'f',	'f',	'f',	'normal'),
(793,	't',	'dbworkflow_schema:priority:normal:admin',	't',	't',	't',	'normal'),
(794,	't',	'dbworkflow_schema:priority:normal:manager',	't',	't',	'f',	'normal'),
(795,	't',	'dbworkflow_schema:priority:normal:creator',	't',	'f',	'f',	'normal'),
(796,	't',	'dbworkflow_schema:optionnal:normal:admin',	't',	't',	't',	'normal'),
(797,	't',	'dbworkflow_schema:optionnal:normal:manager',	't',	't',	'f',	'normal'),
(798,	't',	'dbworkflow_schema:optionnal:normal:creator',	't',	'f',	'f',	'normal'),
(799,	't',	'dbworkflow_schema:optionnal:normal:updater',	'f',	't',	'f',	'normal'),
(800,	't',	'dbworkflow_schema:optionnal:normal:reader',	'f',	'f',	'f',	'normal'),
(801,	't',	'dbworkflow_schema:hub:normal:creator',	't',	'f',	'f',	'normal'),
(802,	't',	'dbworkflow_schema:hub:normal:updater',	'f',	't',	'f',	'normal'),
(803,	't',	'dbworkflow_schema:hub:normal:reader',	'f',	'f',	'f',	'normal'),
(804,	't',	'dbworkflow_schema:hub:normal:admin',	't',	't',	't',	'normal'),
(805,	't',	'dbworkflow_schema:hub:normal:manager',	't',	't',	'f',	'normal'),
(806,	't',	'dbworkflow_schema:dbworkflow_id:normal:admin',	't',	't',	't',	'normal'),
(807,	't',	'dbworkflow_schema:dbworkflow_id:normal:manager',	't',	't',	'f',	'normal'),
(808,	't',	'dbworkflow_schema:dbworkflow_id:normal:creator',	't',	'f',	'f',	'normal'),
(809,	't',	'dbworkflow_schema:dbworkflow_id:normal:updater',	'f',	't',	'f',	'normal'),
(810,	't',	'dbworkflow_schema:dbworkflow_id:normal:reader',	'f',	'f',	'f',	'normal'),
(811,	't',	'dbworkflow_schema:dbschema_id:normal:updater',	'f',	't',	'f',	'normal'),
(812,	't',	'dbworkflow_schema:dbschema_id:normal:reader',	'f',	'f',	'f',	'normal'),
(813,	't',	'dbworkflow_schema:dbschema_id:normal:admin',	't',	't',	't',	'normal'),
(814,	't',	'dbworkflow_schema:dbschema_id:normal:manager',	't',	't',	'f',	'normal'),
(815,	't',	'dbworkflow_schema:dbschema_id:normal:creator',	't',	'f',	'f',	'normal'),
(816,	't',	'dbworkflow_schema:dbuser_id:normal:admin',	't',	't',	't',	'normal'),
(817,	't',	'dbworkflow_schema:dbuser_id:normal:manager',	't',	't',	'f',	'normal'),
(818,	't',	'dbworkflow_schema:dbuser_id:normal:creator',	't',	'f',	'f',	'normal'),
(819,	't',	'dbworkflow_schema:dbuser_id:normal:updater',	'f',	't',	'f',	'normal'),
(820,	't',	'dbworkflow_schema:dbuser_id:normal:reader',	'f',	'f',	'f',	'normal'),
(821,	't',	'dbworkflow_schema:dbentity_id:normal:reader',	'f',	'f',	'f',	'normal'),
(822,	't',	'dbworkflow_schema:dbentity_id:normal:admin',	't',	't',	't',	'normal'),
(823,	't',	'dbworkflow_schema:dbentity_id:normal:manager',	't',	't',	'f',	'normal'),
(824,	't',	'dbworkflow_schema:dbentity_id:normal:creator',	't',	'f',	'f',	'normal'),
(825,	't',	'dbworkflow_schema:dbentity_id:normal:updater',	'f',	't',	'f',	'normal'),
(826,	't',	'dbworkflow_schema:wrapped_dbworkflow_id:normal:admin',	't',	't',	't',	'normal'),
(827,	't',	'dbworkflow_schema:wrapped_dbworkflow_id:normal:manager',	't',	't',	'f',	'normal'),
(828,	't',	'dbworkflow_schema:wrapped_dbworkflow_id:normal:creator',	't',	'f',	'f',	'normal'),
(829,	't',	'dbworkflow_schema:wrapped_dbworkflow_id:normal:updater',	'f',	't',	'f',	'normal'),
(830,	't',	'dbworkflow_schema:wrapped_dbworkflow_id:normal:reader',	'f',	'f',	'f',	'normal'),
(831,	't',	'dbrole_permission:dbrole_id:normal:updater',	'f',	't',	'f',	'normal'),
(832,	't',	'dbrole_permission:dbrole_id:normal:reader',	'f',	'f',	'f',	'normal'),
(833,	't',	'dbrole_permission:dbrole_id:normal:admin',	't',	't',	't',	'normal'),
(834,	't',	'dbrole_permission:dbrole_id:normal:manager',	't',	't',	'f',	'normal'),
(835,	't',	'dbrole_permission:dbrole_id:normal:creator',	't',	'f',	'f',	'normal'),
(836,	't',	'dbrole_permission:dbpermission_id:normal:manager',	't',	't',	'f',	'normal'),
(837,	't',	'dbrole_permission:dbpermission_id:normal:creator',	't',	'f',	'f',	'normal'),
(838,	't',	'dbrole_permission:dbpermission_id:normal:updater',	'f',	't',	'f',	'normal'),
(839,	't',	'dbrole_permission:dbpermission_id:normal:reader',	'f',	'f',	'f',	'normal'),
(840,	't',	'dbrole_permission:dbpermission_id:normal:admin',	't',	't',	't',	'normal'),
(841,	't',	'dbhierarchy:parent_dbuser_id:normal:creator',	't',	'f',	'f',	'normal'),
(842,	't',	'dbhierarchy:parent_dbuser_id:normal:updater',	'f',	't',	'f',	'normal'),
(843,	't',	'dbhierarchy:parent_dbuser_id:normal:reader',	'f',	'f',	'f',	'normal'),
(844,	't',	'dbhierarchy:parent_dbuser_id:normal:admin',	't',	't',	't',	'normal'),
(845,	't',	'dbhierarchy:parent_dbuser_id:normal:manager',	't',	't',	'f',	'normal'),
(846,	't',	'dbhierarchy:dbuser_id:normal:admin',	't',	't',	't',	'normal'),
(847,	't',	'dbhierarchy:dbuser_id:normal:manager',	't',	't',	'f',	'normal'),
(848,	't',	'dbhierarchy:dbuser_id:normal:creator',	't',	'f',	'f',	'normal'),
(849,	't',	'dbhierarchy:dbuser_id:normal:updater',	'f',	't',	'f',	'normal'),
(850,	't',	'dbhierarchy:dbuser_id:normal:reader',	'f',	'f',	'f',	'normal'),
(851,	't',	'dbhierarchy:dbentity_id:normal:creator',	't',	'f',	'f',	'normal'),
(852,	't',	'dbhierarchy:dbentity_id:normal:updater',	'f',	't',	'f',	'normal'),
(853,	't',	'dbhierarchy:dbentity_id:normal:reader',	'f',	'f',	'f',	'normal'),
(854,	't',	'dbhierarchy:dbentity_id:normal:admin',	't',	't',	't',	'normal'),
(855,	't',	'dbhierarchy:dbentity_id:normal:manager',	't',	't',	'f',	'normal'),
(856,	't',	'dbhierarchy:start_date:normal:admin',	't',	't',	't',	'normal'),
(857,	't',	'dbhierarchy:start_date:normal:manager',	't',	't',	'f',	'normal'),
(858,	't',	'dbhierarchy:start_date:normal:creator',	't',	'f',	'f',	'normal'),
(859,	't',	'dbhierarchy:start_date:normal:updater',	'f',	't',	'f',	'normal'),
(860,	't',	'dbhierarchy:start_date:normal:reader',	'f',	'f',	'f',	'normal'),
(861,	't',	'dbhierarchy:end_date:normal:reader',	'f',	'f',	'f',	'normal'),
(862,	't',	'dbhierarchy:end_date:normal:admin',	't',	't',	't',	'normal'),
(863,	't',	'dbhierarchy:end_date:normal:manager',	't',	't',	'f',	'normal'),
(864,	't',	'dbhierarchy:end_date:normal:creator',	't',	'f',	'f',	'normal'),
(865,	't',	'dbhierarchy:end_date:normal:updater',	'f',	't',	'f',	'normal'),
(866,	't',	'dbview_attribution:dbview_id:normal:reader',	'f',	'f',	'f',	'normal'),
(867,	't',	'dbview_attribution:dbview_id:normal:admin',	't',	't',	't',	'normal'),
(868,	't',	'dbview_attribution:dbview_id:normal:manager',	't',	't',	'f',	'normal'),
(869,	't',	'dbview_attribution:dbview_id:normal:creator',	't',	'f',	'f',	'normal'),
(870,	't',	'dbview_attribution:dbview_id:normal:updater',	'f',	't',	'f',	'normal'),
(871,	't',	'dbview_attribution:dbuser_id:normal:creator',	't',	'f',	'f',	'normal'),
(872,	't',	'dbview_attribution:dbuser_id:normal:updater',	'f',	't',	'f',	'normal'),
(873,	't',	'dbview_attribution:dbuser_id:normal:reader',	'f',	'f',	'f',	'normal'),
(874,	't',	'dbview_attribution:dbuser_id:normal:admin',	't',	't',	't',	'normal'),
(875,	't',	'dbview_attribution:dbuser_id:normal:manager',	't',	't',	'f',	'normal'),
(876,	't',	'dbview_attribution:dbentity_id:normal:manager',	't',	't',	'f',	'normal'),
(877,	't',	'dbview_attribution:dbentity_id:normal:creator',	't',	'f',	'f',	'normal'),
(878,	't',	'dbview_attribution:dbentity_id:normal:updater',	'f',	't',	'f',	'normal'),
(879,	't',	'dbview_attribution:dbentity_id:normal:reader',	'f',	'f',	'f',	'normal'),
(880,	't',	'dbview_attribution:dbentity_id:normal:admin',	't',	't',	't',	'normal'),
(881,	't',	'dbfilter:name:normal:updater',	'f',	't',	'f',	'normal'),
(882,	't',	'dbfilter:name:normal:reader',	'f',	'f',	'f',	'normal'),
(883,	't',	'dbfilter:name:normal:admin',	't',	't',	't',	'normal'),
(884,	't',	'dbfilter:name:normal:manager',	't',	't',	'f',	'normal'),
(885,	't',	'dbfilter:name:normal:creator',	't',	'f',	'f',	'normal'),
(886,	't',	'dbfilter:is_view:normal:admin',	't',	't',	't',	'normal'),
(887,	't',	'dbfilter:is_view:normal:manager',	't',	't',	'f',	'normal'),
(888,	't',	'dbfilter:is_view:normal:creator',	't',	'f',	'f',	'normal'),
(889,	't',	'dbfilter:is_view:normal:updater',	'f',	't',	'f',	'normal'),
(890,	't',	'dbfilter:is_view:normal:reader',	'f',	'f',	'f',	'normal'),
(891,	't',	'dbfilter:dbschema_id:normal:admin',	't',	't',	't',	'normal'),
(892,	't',	'dbfilter:dbschema_id:normal:manager',	't',	't',	'f',	'normal'),
(893,	't',	'dbfilter:dbschema_id:normal:creator',	't',	'f',	'f',	'normal'),
(894,	't',	'dbfilter:dbschema_id:normal:updater',	'f',	't',	'f',	'normal'),
(895,	't',	'dbfilter:dbschema_id:normal:reader',	'f',	'f',	'f',	'normal'),
(896,	't',	'dbfilter:dbuser_id:normal:admin',	't',	't',	't',	'normal'),
(897,	't',	'dbfilter:dbuser_id:normal:manager',	't',	't',	'f',	'normal'),
(898,	't',	'dbfilter:dbuser_id:normal:creator',	't',	'f',	'f',	'normal'),
(899,	't',	'dbfilter:dbuser_id:normal:updater',	'f',	't',	'f',	'normal'),
(900,	't',	'dbfilter:dbuser_id:normal:reader',	'f',	'f',	'f',	'normal'),
(901,	't',	'dbfilter:dbentity_id:normal:reader',	'f',	'f',	'f',	'normal'),
(902,	't',	'dbfilter:dbentity_id:normal:admin',	't',	't',	't',	'normal'),
(903,	't',	'dbfilter:dbentity_id:normal:manager',	't',	't',	'f',	'normal'),
(904,	't',	'dbfilter:dbentity_id:normal:creator',	't',	'f',	'f',	'normal'),
(905,	't',	'dbfilter:dbentity_id:normal:updater',	'f',	't',	'f',	'normal'),
(906,	't',	'dbfilter_field:dbschema_column_id:normal:admin',	't',	't',	't',	'normal'),
(907,	't',	'dbfilter_field:dbschema_column_id:normal:manager',	't',	't',	'f',	'normal'),
(908,	't',	'dbfilter_field:dbschema_column_id:normal:creator',	't',	'f',	'f',	'normal'),
(909,	't',	'dbfilter_field:dbschema_column_id:normal:updater',	'f',	't',	'f',	'normal'),
(910,	't',	'dbfilter_field:dbschema_column_id:normal:reader',	'f',	'f',	'f',	'normal'),
(911,	't',	'dbfilter_field:value:normal:admin',	't',	't',	't',	'normal'),
(912,	't',	'dbfilter_field:value:normal:manager',	't',	't',	'f',	'normal'),
(913,	't',	'dbfilter_field:value:normal:creator',	't',	'f',	'f',	'normal'),
(914,	't',	'dbfilter_field:value:normal:updater',	'f',	't',	'f',	'normal'),
(915,	't',	'dbfilter_field:value:normal:reader',	'f',	'f',	'f',	'normal'),
(916,	't',	'dbfilter_field:operator:normal:manager',	't',	't',	'f',	'normal'),
(917,	't',	'dbfilter_field:operator:normal:creator',	't',	'f',	'f',	'normal'),
(918,	't',	'dbfilter_field:operator:normal:updater',	'f',	't',	'f',	'normal'),
(919,	't',	'dbfilter_field:operator:normal:reader',	'f',	'f',	'f',	'normal'),
(920,	't',	'dbfilter_field:operator:normal:admin',	't',	't',	't',	'normal'),
(921,	't',	'dbfilter_field:separator:normal:admin',	't',	't',	't',	'normal'),
(922,	't',	'dbfilter_field:separator:normal:manager',	't',	't',	'f',	'normal'),
(923,	't',	'dbfilter_field:separator:normal:creator',	't',	'f',	'f',	'normal'),
(924,	't',	'dbfilter_field:separator:normal:updater',	'f',	't',	'f',	'normal'),
(925,	't',	'dbfilter_field:separator:normal:reader',	'f',	'f',	'f',	'normal'),
(926,	't',	'dbfilter_field:dir:normal:admin',	't',	't',	't',	'normal'),
(927,	't',	'dbfilter_field:dir:normal:manager',	't',	't',	'f',	'normal'),
(928,	't',	'dbfilter_field:dir:normal:creator',	't',	'f',	'f',	'normal'),
(929,	't',	'dbfilter_field:dir:normal:updater',	'f',	't',	'f',	'normal'),
(930,	't',	'dbfilter_field:dir:normal:reader',	'f',	'f',	'f',	'normal'),
(931,	't',	'dbfilter_field:index:normal:admin',	't',	't',	't',	'normal'),
(932,	't',	'dbfilter_field:index:normal:manager',	't',	't',	'f',	'normal'),
(933,	't',	'dbfilter_field:index:normal:creator',	't',	'f',	'f',	'normal'),
(934,	't',	'dbfilter_field:index:normal:updater',	'f',	't',	'f',	'normal'),
(935,	't',	'dbfilter_field:index:normal:reader',	'f',	'f',	'f',	'normal'),
(936,	't',	'dbfilter_field:dbfilter_id:normal:admin',	't',	't',	't',	'normal'),
(937,	't',	'dbfilter_field:dbfilter_id:normal:manager',	't',	't',	'f',	'normal'),
(938,	't',	'dbfilter_field:dbfilter_id:normal:creator',	't',	'f',	'f',	'normal'),
(939,	't',	'dbfilter_field:dbfilter_id:normal:updater',	'f',	't',	'f',	'normal'),
(940,	't',	'dbfilter_field:dbfilter_id:normal:reader',	'f',	'f',	'f',	'normal'),
(941,	't',	'formalized_data:name:normal:admin',	't',	't',	't',	'normal'),
(942,	't',	'formalized_data:name:normal:manager',	't',	't',	'f',	'normal'),
(943,	't',	'formalized_data:name:normal:creator',	't',	'f',	'f',	'normal'),
(944,	't',	'formalized_data:name:normal:updater',	'f',	't',	'f',	'normal'),
(945,	't',	'formalized_data:name:normal:reader',	'f',	'f',	'f',	'normal'),
(946,	't',	'formalized_data:ref:normal:admin',	't',	't',	't',	'normal'),
(947,	't',	'formalized_data:ref:normal:manager',	't',	't',	'f',	'normal'),
(948,	't',	'formalized_data:ref:normal:creator',	't',	'f',	'f',	'normal'),
(949,	't',	'formalized_data:ref:normal:updater',	'f',	't',	'f',	'normal'),
(950,	't',	'formalized_data:ref:normal:reader',	'f',	'f',	'f',	'normal'),
(951,	't',	'formalized_data:first_evaluation:normal:admin',	't',	't',	't',	'normal'),
(952,	't',	'formalized_data:first_evaluation:responsible:admin',	't',	't',	't',	'responsible'),
(953,	't',	'formalized_data:first_evaluation:normal:manager',	't',	't',	'f',	'normal'),
(954,	't',	'formalized_data:first_evaluation:responsible:manager',	't',	't',	'f',	'responsible'),
(955,	't',	'formalized_data:first_evaluation:normal:creator',	't',	'f',	'f',	'normal'),
(956,	't',	'formalized_data:first_evaluation:responsible:creator',	't',	'f',	'f',	'responsible'),
(957,	't',	'formalized_data:first_evaluation:normal:updater',	'f',	't',	'f',	'normal'),
(958,	't',	'formalized_data:first_evaluation:responsible:updater',	'f',	't',	'f',	'responsible'),
(959,	't',	'formalized_data:first_evaluation:normal:reader',	'f',	'f',	'f',	'normal'),
(960,	't',	'formalized_data:first_evaluation:responsible:reader',	'f',	'f',	'f',	'responsible'),
(961,	't',	'formalized_data:first_evaluation_date:normal:admin',	't',	't',	't',	'normal'),
(962,	't',	'formalized_data:first_evaluation_date:responsible:admin',	't',	't',	't',	'responsible'),
(963,	't',	'formalized_data:first_evaluation_date:normal:manager',	't',	't',	'f',	'normal'),
(964,	't',	'formalized_data:first_evaluation_date:responsible:manager',	't',	't',	'f',	'responsible'),
(965,	't',	'formalized_data:first_evaluation_date:normal:creator',	't',	'f',	'f',	'normal'),
(966,	't',	'formalized_data:first_evaluation_date:responsible:creator',	't',	'f',	'f',	'responsible'),
(967,	't',	'formalized_data:first_evaluation_date:normal:updater',	'f',	't',	'f',	'normal'),
(968,	't',	'formalized_data:first_evaluation_date:responsible:updater',	'f',	't',	'f',	'responsible'),
(969,	't',	'formalized_data:first_evaluation_date:normal:reader',	'f',	'f',	'f',	'normal'),
(970,	't',	'formalized_data:first_evaluation_date:responsible:reader',	'f',	'f',	'f',	'responsible'),
(971,	't',	'formalized_data:actualized_evaluation:normal:manager',	't',	't',	'f',	'normal'),
(972,	't',	'formalized_data:actualized_evaluation:responsible:manager',	't',	't',	'f',	'responsible'),
(973,	't',	'formalized_data:actualized_evaluation:normal:creator',	't',	'f',	'f',	'normal'),
(974,	't',	'formalized_data:actualized_evaluation:responsible:creator',	't',	'f',	'f',	'responsible'),
(975,	't',	'formalized_data:actualized_evaluation:normal:updater',	'f',	't',	'f',	'normal'),
(976,	't',	'formalized_data:actualized_evaluation:responsible:updater',	'f',	't',	'f',	'responsible'),
(977,	't',	'formalized_data:actualized_evaluation:normal:reader',	'f',	'f',	'f',	'normal'),
(978,	't',	'formalized_data:actualized_evaluation:responsible:reader',	'f',	'f',	'f',	'responsible'),
(979,	't',	'formalized_data:actualized_evaluation:normal:admin',	't',	't',	't',	'normal'),
(980,	't',	'formalized_data:actualized_evaluation:responsible:admin',	't',	't',	't',	'responsible'),
(981,	't',	'formalized_data:capitalization_date:normal:reader',	'f',	'f',	'f',	'normal'),
(982,	't',	'formalized_data:capitalization_date:responsible:reader',	'f',	'f',	'f',	'responsible'),
(983,	't',	'formalized_data:capitalization_date:normal:admin',	't',	't',	't',	'normal'),
(984,	't',	'formalized_data:capitalization_date:responsible:admin',	't',	't',	't',	'responsible'),
(985,	't',	'formalized_data:capitalization_date:normal:manager',	't',	't',	'f',	'normal'),
(986,	't',	'formalized_data:capitalization_date:responsible:manager',	't',	't',	'f',	'responsible'),
(987,	't',	'formalized_data:capitalization_date:normal:creator',	't',	'f',	'f',	'normal'),
(988,	't',	'formalized_data:capitalization_date:responsible:creator',	't',	'f',	'f',	'responsible'),
(989,	't',	'formalized_data:capitalization_date:normal:updater',	'f',	't',	'f',	'normal'),
(990,	't',	'formalized_data:capitalization_date:responsible:updater',	'f',	't',	'f',	'responsible'),
(991,	't',	'formalized_data:committee_date:normal:manager',	't',	't',	'f',	'normal'),
(992,	't',	'formalized_data:committee_date:responsible:manager',	't',	't',	'f',	'responsible'),
(993,	't',	'formalized_data:committee_date:normal:creator',	't',	'f',	'f',	'normal'),
(994,	't',	'formalized_data:committee_date:responsible:creator',	't',	'f',	'f',	'responsible'),
(995,	't',	'formalized_data:committee_date:normal:updater',	'f',	't',	'f',	'normal'),
(996,	't',	'formalized_data:committee_date:responsible:updater',	'f',	't',	'f',	'responsible'),
(997,	't',	'formalized_data:committee_date:normal:reader',	'f',	'f',	'f',	'normal'),
(998,	't',	'formalized_data:committee_date:responsible:reader',	'f',	'f',	'f',	'responsible'),
(999,	't',	'formalized_data:committee_date:normal:admin',	't',	't',	't',	'normal'),
(1000,	't',	'formalized_data:committee_date:responsible:admin',	't',	't',	't',	'responsible'),
(1001,	't',	'formalized_data:result_type_id:normal:admin',	't',	't',	't',	'normal'),
(1002,	't',	'formalized_data:result_type_id:normal:manager',	't',	't',	'f',	'normal'),
(1003,	't',	'formalized_data:result_type_id:normal:creator',	't',	'f',	'f',	'normal'),
(1004,	't',	'formalized_data:result_type_id:normal:updater',	'f',	't',	'f',	'normal'),
(1005,	't',	'formalized_data:result_type_id:normal:reader',	'f',	'f',	'f',	'normal'),
(1006,	't',	'formalized_data:result_family_id:normal:manager',	't',	't',	'f',	'normal'),
(1007,	't',	'formalized_data:result_family_id:normal:creator',	't',	'f',	'f',	'normal'),
(1008,	't',	'formalized_data:result_family_id:normal:updater',	'f',	't',	'f',	'normal'),
(1009,	't',	'formalized_data:result_family_id:normal:reader',	'f',	'f',	'f',	'normal'),
(1010,	't',	'formalized_data:result_family_id:normal:admin',	't',	't',	't',	'normal'),
(1011,	't',	'formalized_data:support_id:normal:reader',	'f',	'f',	'f',	'normal'),
(1012,	't',	'formalized_data:support_id:normal:admin',	't',	't',	't',	'normal'),
(1013,	't',	'formalized_data:support_id:normal:manager',	't',	't',	'f',	'normal'),
(1014,	't',	'formalized_data:support_id:normal:creator',	't',	'f',	'f',	'normal'),
(1015,	't',	'formalized_data:support_id:normal:updater',	'f',	't',	'f',	'normal'),
(1016,	't',	'formalized_data:confidentiality_level_id:normal:admin',	't',	't',	't',	'normal'),
(1017,	't',	'formalized_data:confidentiality_level_id:responsible:admin',	't',	't',	't',	'responsible'),
(1018,	't',	'formalized_data:confidentiality_level_id:normal:manager',	't',	't',	'f',	'normal'),
(1019,	't',	'formalized_data:confidentiality_level_id:responsible:manager',	't',	't',	'f',	'responsible'),
(1020,	't',	'formalized_data:confidentiality_level_id:normal:creator',	't',	'f',	'f',	'normal'),
(1021,	't',	'formalized_data:confidentiality_level_id:responsible:creator',	't',	'f',	'f',	'responsible'),
(1022,	't',	'formalized_data:confidentiality_level_id:normal:updater',	'f',	't',	'f',	'normal'),
(1023,	't',	'formalized_data:confidentiality_level_id:responsible:updater',	'f',	't',	'f',	'responsible'),
(1024,	't',	'formalized_data:confidentiality_level_id:normal:reader',	'f',	'f',	'f',	'normal'),
(1025,	't',	'formalized_data:confidentiality_level_id:responsible:reader',	'f',	'f',	'f',	'responsible'),
(1026,	't',	'formalized_data:contractual:normal:admin',	't',	't',	't',	'normal'),
(1027,	't',	'formalized_data:contractual:responsible:admin',	't',	't',	't',	'responsible'),
(1028,	't',	'formalized_data:contractual:normal:manager',	't',	't',	'f',	'normal'),
(1178,	't',	'valuation:own:manager',	't',	't',	'f',	'own'),
(1029,	't',	'formalized_data:contractual:responsible:manager',	't',	't',	'f',	'responsible'),
(1030,	't',	'formalized_data:contractual:normal:creator',	't',	'f',	'f',	'normal'),
(1031,	't',	'formalized_data:contractual:responsible:creator',	't',	'f',	'f',	'responsible'),
(1032,	't',	'formalized_data:contractual:normal:updater',	'f',	't',	'f',	'normal'),
(1033,	't',	'formalized_data:contractual:responsible:updater',	'f',	't',	'f',	'responsible'),
(1034,	't',	'formalized_data:contractual:normal:reader',	'f',	'f',	'f',	'normal'),
(1035,	't',	'formalized_data:contractual:responsible:reader',	'f',	'f',	'f',	'responsible'),
(1036,	't',	'formalized_data:storage_area:normal:creator',	't',	'f',	'f',	'normal'),
(1037,	't',	'formalized_data:storage_area:normal:updater',	'f',	't',	'f',	'normal'),
(1038,	't',	'formalized_data:storage_area:normal:reader',	'f',	'f',	'f',	'normal'),
(1039,	't',	'formalized_data:storage_area:normal:admin',	't',	't',	't',	'normal'),
(1040,	't',	'formalized_data:storage_area:normal:manager',	't',	't',	'f',	'normal'),
(1041,	't',	'formalized_data:storage_types:normal:creator',	't',	'f',	'f',	'normal'),
(1042,	't',	'formalized_data:storage_types:normal:updater',	'f',	't',	'f',	'normal'),
(1043,	't',	'formalized_data:storage_types:normal:reader',	'f',	'f',	'f',	'normal'),
(1044,	't',	'formalized_data:storage_types:normal:admin',	't',	't',	't',	'normal'),
(1045,	't',	'formalized_data:storage_types:normal:manager',	't',	't',	'f',	'normal'),
(1046,	't',	'formalized_data:projects:normal:admin',	't',	't',	't',	'normal'),
(1047,	't',	'formalized_data:projects:normal:manager',	't',	't',	'f',	'normal'),
(1048,	't',	'formalized_data:projects:normal:creator',	't',	'f',	'f',	'normal'),
(1049,	't',	'formalized_data:projects:normal:updater',	'f',	't',	'f',	'normal'),
(1050,	't',	'formalized_data:projects:normal:reader',	'f',	'f',	'f',	'normal'),
(1051,	't',	'formalized_data:valuations:normal:updater',	'f',	't',	'f',	'normal'),
(1052,	't',	'formalized_data:valuations:responsible:updater',	'f',	't',	'f',	'responsible'),
(1053,	't',	'formalized_data:valuations:normal:reader',	'f',	'f',	'f',	'normal'),
(1054,	't',	'formalized_data:valuations:responsible:reader',	'f',	'f',	'f',	'responsible'),
(1055,	't',	'formalized_data:valuations:normal:admin',	't',	't',	't',	'normal'),
(1056,	't',	'formalized_data:valuations:responsible:admin',	't',	't',	't',	'responsible'),
(1057,	't',	'formalized_data:valuations:normal:manager',	't',	't',	'f',	'normal'),
(1058,	't',	'formalized_data:valuations:responsible:manager',	't',	't',	'f',	'responsible'),
(1059,	't',	'formalized_data:valuations:normal:creator',	't',	'f',	'f',	'normal'),
(1060,	't',	'formalized_data:valuations:responsible:creator',	't',	'f',	'f',	'responsible'),
(1061,	't',	'formalized_data:protections:normal:creator',	't',	'f',	'f',	'normal'),
(1062,	't',	'formalized_data:protections:responsible:creator',	't',	'f',	'f',	'responsible'),
(1063,	't',	'formalized_data:protections:normal:updater',	'f',	't',	'f',	'normal'),
(1064,	't',	'formalized_data:protections:responsible:updater',	'f',	't',	'f',	'responsible'),
(1065,	't',	'formalized_data:protections:normal:reader',	'f',	'f',	'f',	'normal'),
(1066,	't',	'formalized_data:protections:responsible:reader',	'f',	'f',	'f',	'responsible'),
(1067,	't',	'formalized_data:protections:normal:admin',	't',	't',	't',	'normal'),
(1068,	't',	'formalized_data:protections:responsible:admin',	't',	't',	't',	'responsible'),
(1069,	't',	'formalized_data:protections:normal:manager',	't',	't',	'f',	'normal'),
(1070,	't',	'formalized_data:protections:responsible:manager',	't',	't',	'f',	'responsible'),
(1071,	't',	'formalized_data:restriction_types:normal:admin',	't',	't',	't',	'normal'),
(1072,	't',	'formalized_data:restriction_types:responsible:admin',	't',	't',	't',	'responsible'),
(1073,	't',	'formalized_data:restriction_types:normal:manager',	't',	't',	'f',	'normal'),
(1074,	't',	'formalized_data:restriction_types:responsible:manager',	't',	't',	'f',	'responsible'),
(1075,	't',	'formalized_data:restriction_types:normal:creator',	't',	'f',	'f',	'normal'),
(1076,	't',	'formalized_data:restriction_types:responsible:creator',	't',	'f',	'f',	'responsible'),
(1077,	't',	'formalized_data:restriction_types:normal:updater',	'f',	't',	'f',	'normal'),
(1078,	't',	'formalized_data:restriction_types:responsible:updater',	'f',	't',	'f',	'responsible'),
(1079,	't',	'formalized_data:restriction_types:normal:reader',	'f',	'f',	'f',	'normal'),
(1080,	't',	'formalized_data:restriction_types:responsible:reader',	'f',	'f',	'f',	'responsible'),
(1081,	't',	'valuation_type:name:normal:reader',	'f',	'f',	'f',	'normal'),
(1082,	't',	'valuation_type:name:normal:admin',	't',	't',	't',	'normal'),
(1083,	't',	'valuation_type:name:normal:manager',	't',	't',	'f',	'normal'),
(1084,	't',	'valuation_type:name:normal:creator',	't',	'f',	'f',	'normal'),
(1085,	't',	'valuation_type:name:normal:updater',	'f',	't',	'f',	'normal'),
(1086,	't',	'valuation_format:name:normal:creator',	't',	'f',	'f',	'normal'),
(1087,	't',	'valuation_format:name:normal:updater',	'f',	't',	'f',	'normal'),
(1088,	't',	'valuation_format:name:normal:reader',	'f',	'f',	'f',	'normal'),
(1089,	't',	'valuation_format:name:normal:admin',	't',	't',	't',	'normal'),
(1090,	't',	'valuation_format:name:normal:manager',	't',	't',	'f',	'normal'),
(1091,	't',	'support:name:normal:manager',	't',	't',	'f',	'normal'),
(1092,	't',	'support:name:normal:creator',	't',	'f',	'f',	'normal'),
(1093,	't',	'support:name:normal:updater',	'f',	't',	'f',	'normal'),
(1094,	't',	'support:name:normal:reader',	'f',	'f',	'f',	'normal'),
(1095,	't',	'support:name:normal:admin',	't',	't',	't',	'normal'),
(1096,	't',	'support_type:name:normal:manager',	't',	't',	'f',	'normal'),
(1097,	't',	'support_type:name:normal:creator',	't',	'f',	'f',	'normal'),
(1098,	't',	'support_type:name:normal:updater',	'f',	't',	'f',	'normal'),
(1099,	't',	'support_type:name:normal:reader',	'f',	'f',	'f',	'normal'),
(1100,	't',	'support_type:name:normal:admin',	't',	't',	't',	'normal'),
(1101,	't',	'result_type:name:normal:updater',	'f',	't',	'f',	'normal'),
(1102,	't',	'result_type:name:normal:reader',	'f',	'f',	'f',	'normal'),
(1103,	't',	'result_type:name:normal:admin',	't',	't',	't',	'normal'),
(1104,	't',	'result_type:name:normal:manager',	't',	't',	'f',	'normal'),
(1105,	't',	'result_type:name:normal:creator',	't',	'f',	'f',	'normal'),
(1106,	't',	'result_family:name:normal:updater',	'f',	't',	'f',	'normal'),
(1107,	't',	'result_family:name:normal:reader',	'f',	'f',	'f',	'normal'),
(1108,	't',	'result_family:name:normal:admin',	't',	't',	't',	'normal'),
(1109,	't',	'result_family:name:normal:manager',	't',	't',	'f',	'normal'),
(1110,	't',	'result_family:name:normal:creator',	't',	'f',	'f',	'normal'),
(1111,	't',	'restriction_type:name:normal:updater',	'f',	't',	'f',	'normal'),
(1112,	't',	'restriction_type:name:normal:reader',	'f',	'f',	'f',	'normal'),
(1113,	't',	'restriction_type:name:normal:admin',	't',	't',	't',	'normal'),
(1114,	't',	'restriction_type:name:normal:manager',	't',	't',	'f',	'normal'),
(1115,	't',	'restriction_type:name:normal:creator',	't',	'f',	'f',	'normal'),
(1116,	't',	'restriction_type:formalized_data_id:normal:admin',	't',	't',	't',	'normal'),
(1117,	't',	'restriction_type:formalized_data_id:normal:manager',	't',	't',	'f',	'normal'),
(1118,	't',	'restriction_type:formalized_data_id:normal:creator',	't',	'f',	'f',	'normal'),
(1119,	't',	'restriction_type:formalized_data_id:normal:updater',	'f',	't',	'f',	'normal'),
(1120,	't',	'restriction_type:formalized_data_id:normal:reader',	'f',	'f',	'f',	'normal'),
(1121,	't',	'protection_type:name:normal:admin',	't',	't',	't',	'normal'),
(1122,	't',	'protection_type:name:normal:manager',	't',	't',	'f',	'normal'),
(1123,	't',	'protection_type:name:normal:creator',	't',	'f',	'f',	'normal'),
(1124,	't',	'protection_type:name:normal:updater',	'f',	't',	'f',	'normal'),
(1125,	't',	'protection_type:name:normal:reader',	'f',	'f',	'f',	'normal'),
(1126,	't',	'protection_area:name:normal:admin',	't',	't',	't',	'normal'),
(1127,	't',	'protection_area:name:normal:manager',	't',	't',	'f',	'normal'),
(1128,	't',	'protection_area:name:normal:creator',	't',	'f',	'f',	'normal'),
(1129,	't',	'protection_area:name:normal:updater',	'f',	't',	'f',	'normal'),
(1130,	't',	'protection_area:name:normal:reader',	'f',	'f',	'f',	'normal'),
(1131,	't',	'protection:name:normal:updater',	'f',	't',	'f',	'normal'),
(1132,	't',	'protection:name:normal:reader',	'f',	'f',	'f',	'normal'),
(1133,	't',	'protection:name:normal:admin',	't',	't',	't',	'normal'),
(1134,	't',	'protection:name:normal:manager',	't',	't',	'f',	'normal'),
(1135,	't',	'protection:name:normal:creator',	't',	'f',	'f',	'normal'),
(1136,	't',	'project:name:normal:admin',	't',	't',	't',	'normal'),
(1137,	't',	'project:name:normal:manager',	't',	't',	'f',	'normal'),
(1138,	't',	'project:name:normal:creator',	't',	'f',	'f',	'normal'),
(1139,	't',	'project:name:normal:updater',	'f',	't',	'f',	'normal'),
(1140,	't',	'project:name:normal:reader',	'f',	'f',	'f',	'normal'),
(1141,	't',	'project:code:normal:admin',	't',	't',	't',	'normal'),
(1142,	't',	'project:code:normal:manager',	't',	't',	'f',	'normal'),
(1143,	't',	'project:code:normal:creator',	't',	'f',	'f',	'normal'),
(1144,	't',	'project:code:normal:updater',	'f',	't',	'f',	'normal'),
(1145,	't',	'project:code:normal:reader',	'f',	'f',	'f',	'normal'),
(1146,	't',	'project:dbentity_id:normal:admin',	't',	't',	't',	'normal'),
(1147,	't',	'project:dbentity_id:normal:manager',	't',	't',	'f',	'normal'),
(1148,	't',	'project:dbentity_id:normal:creator',	't',	'f',	'f',	'normal'),
(1149,	't',	'project:dbentity_id:normal:updater',	'f',	't',	'f',	'normal'),
(1150,	't',	'project:dbentity_id:normal:reader',	'f',	'f',	'f',	'normal'),
(1151,	't',	'formalized_data_storage_type:dbformalized_data_id:normal:admin',	't',	't',	't',	'normal'),
(1152,	't',	'formalized_data_storage_type:dbformalized_data_id:normal:manager',	't',	't',	'f',	'normal'),
(1153,	't',	'formalized_data_storage_type:dbformalized_data_id:normal:creator',	't',	'f',	'f',	'normal'),
(1154,	't',	'formalized_data_storage_type:dbformalized_data_id:normal:updater',	'f',	't',	'f',	'normal'),
(1155,	't',	'formalized_data_storage_type:dbformalized_data_id:normal:reader',	'f',	'f',	'f',	'normal'),
(1156,	't',	'formalized_data_storage_type:dbsupport_type_id:normal:updater',	'f',	't',	'f',	'normal'),
(1157,	't',	'formalized_data_storage_type:dbsupport_type_id:normal:reader',	'f',	'f',	'f',	'normal'),
(1158,	't',	'formalized_data_storage_type:dbsupport_type_id:normal:admin',	't',	't',	't',	'normal'),
(1159,	't',	'formalized_data_storage_type:dbsupport_type_id:normal:manager',	't',	't',	'f',	'normal'),
(1160,	't',	'formalized_data_storage_type:dbsupport_type_id:normal:creator',	't',	'f',	'f',	'normal'),
(1161,	't',	'formalized_data_project:dbformalized_data_id:normal:admin',	't',	't',	't',	'normal'),
(1162,	't',	'formalized_data_project:dbformalized_data_id:normal:manager',	't',	't',	'f',	'normal'),
(1163,	't',	'formalized_data_project:dbformalized_data_id:normal:creator',	't',	'f',	'f',	'normal'),
(1164,	't',	'formalized_data_project:dbformalized_data_id:normal:updater',	'f',	't',	'f',	'normal'),
(1165,	't',	'formalized_data_project:dbformalized_data_id:normal:reader',	'f',	'f',	'f',	'normal'),
(1166,	't',	'formalized_data_project:dbproject_id:normal:updater',	'f',	't',	'f',	'normal'),
(1167,	't',	'formalized_data_project:dbproject_id:normal:reader',	'f',	'f',	'f',	'normal'),
(1168,	't',	'formalized_data_project:dbproject_id:normal:admin',	't',	't',	't',	'normal'),
(1169,	't',	'formalized_data_project:dbproject_id:normal:manager',	't',	't',	'f',	'normal'),
(1170,	't',	'formalized_data_project:dbproject_id:normal:creator',	't',	'f',	'f',	'normal'),
(1171,	't',	'confidentiality_level:name:normal:admin',	't',	't',	't',	'normal'),
(1172,	't',	'confidentiality_level:name:normal:manager',	't',	't',	'f',	'normal'),
(1173,	't',	'confidentiality_level:name:normal:creator',	't',	'f',	'f',	'normal'),
(1174,	't',	'confidentiality_level:name:normal:updater',	'f',	't',	'f',	'normal'),
(1175,	't',	'confidentiality_level:name:normal:reader',	'f',	'f',	'f',	'normal'),
(1179,	't',	'valuation:normal:manager',	't',	't',	'f',	'normal'),
(1180,	't',	'valuation:own:creator',	't',	'f',	'f',	'own'),
(1181,	't',	'valuation:normal:creator',	't',	'f',	'f',	'normal'),
(1182,	't',	'valuation:own:updater',	'f',	't',	'f',	'own'),
(1183,	't',	'valuation:normal:updater',	'f',	't',	'f',	'normal'),
(1184,	't',	'valuation:own:reader',	'f',	'f',	'f',	'own'),
(1185,	't',	'valuation:normal:reader',	'f',	'f',	'f',	'normal'),
(1186,	't',	'valuation:name:normal:admin',	't',	't',	't',	'normal'),
(1187,	't',	'valuation:name:normal:manager',	't',	't',	'f',	'normal'),
(1188,	't',	'valuation:name:normal:creator',	't',	'f',	'f',	'normal'),
(1189,	't',	'valuation:name:normal:updater',	'f',	't',	'f',	'normal'),
(1190,	't',	'valuation:name:normal:reader',	'f',	'f',	'f',	'normal'),
(1191,	't',	'valuation:formalized_data_id:normal:admin',	't',	't',	't',	'normal'),
(1192,	't',	'valuation:formalized_data_id:normal:manager',	't',	't',	'f',	'normal'),
(1193,	't',	'valuation:formalized_data_id:normal:creator',	't',	'f',	'f',	'normal'),
(1194,	't',	'valuation:formalized_data_id:normal:updater',	'f',	't',	'f',	'normal'),
(1195,	't',	'valuation:formalized_data_id:normal:reader',	'f',	'f',	'f',	'normal'),
(1196,	't',	'valuation:dbvaluation_type_id:normal:admin',	't',	't',	't',	'normal'),
(1197,	't',	'valuation:dbvaluation_type_id:normal:manager',	't',	't',	'f',	'normal'),
(1198,	't',	'valuation:dbvaluation_type_id:normal:creator',	't',	'f',	'f',	'normal'),
(1199,	't',	'valuation:dbvaluation_type_id:normal:updater',	'f',	't',	'f',	'normal'),
(1200,	't',	'valuation:dbvaluation_type_id:normal:reader',	'f',	'f',	'f',	'normal'),
(1201,	't',	'valuation:dbvaluation_format_id:normal:reader',	'f',	'f',	'f',	'normal'),
(1202,	't',	'valuation:dbvaluation_format_id:normal:admin',	't',	't',	't',	'normal'),
(1203,	't',	'valuation:dbvaluation_format_id:normal:manager',	't',	't',	'f',	'normal'),
(1204,	't',	'valuation:dbvaluation_format_id:normal:creator',	't',	'f',	'f',	'normal'),
(1205,	't',	'valuation:dbvaluation_format_id:normal:updater',	'f',	't',	'f',	'normal');

DROP TABLE IF EXISTS "dbrequest";
DROP SEQUENCE IF EXISTS dbrequest_id_seq;
CREATE SEQUENCE dbrequest_id_seq INCREMENT 1 MINVALUE 1 MAXVALUE 2147483647 CACHE 1;

CREATE TABLE "public"."dbrequest" (
    "id" integer DEFAULT nextval('dbrequest_id_seq') NOT NULL,
    "active" boolean DEFAULT true,
    "name" character varying(128),
    "state" enum__pending_progressing_dismiss_completed DEFAULT 'pending',
    "is_close" boolean DEFAULT false,
    "current_index" integer DEFAULT '0',
    "created_date" timestamp,
    "closing_date" timestamp,
    "dbdest_table_id" integer,
    "dbschema_id" integer,
    "dbworkflow_id" integer,
    "dbuser_id" integer,
    "is_meta" boolean DEFAULT false,
    CONSTRAINT "dbrequest_pkey" PRIMARY KEY ("id")
) WITH (oids = false);


DROP TABLE IF EXISTS "dbrole";
DROP SEQUENCE IF EXISTS dbrole_id_seq;
CREATE SEQUENCE dbrole_id_seq INCREMENT 1 MINVALUE 1 MAXVALUE 2147483647 CACHE 1;

CREATE TABLE "public"."dbrole" (
    "id" integer DEFAULT nextval('dbrole_id_seq') NOT NULL,
    "active" boolean DEFAULT true,
    "name" character varying(128),
    "description" text,
    CONSTRAINT "dbrole_name_unique" UNIQUE ("name"),
    CONSTRAINT "dbrole_pkey" PRIMARY KEY ("id")
) WITH (oids = false);

INSERT INTO "dbrole" ("id", "active", "name", "description") VALUES
(1,	't',	'ING',	NULL),
(2,	't',	'CDP',	NULL),
(3,	't',	'CDG',	NULL),
(4,	't',	'JURIDIC',	NULL),
(5,	't',	'COMMITTEE',	NULL);

DROP TABLE IF EXISTS "dbrole_attribution";
DROP SEQUENCE IF EXISTS dbrole_attribution_id_seq;
CREATE SEQUENCE dbrole_attribution_id_seq INCREMENT 1 MINVALUE 1 MAXVALUE 2147483647 CACHE 1;

CREATE TABLE "public"."dbrole_attribution" (
    "id" integer DEFAULT nextval('dbrole_attribution_id_seq') NOT NULL,
    "active" boolean DEFAULT true,
    "dbuser_id" integer,
    "dbentity_id" integer,
    "dbrole_id" integer,
    "start_date" timestamp,
    "end_date" timestamp,
    CONSTRAINT "dbrole_attribution_pkey" PRIMARY KEY ("id")
) WITH (oids = false);

INSERT INTO "dbrole_attribution" ("id", "active", "dbuser_id", "dbentity_id", "dbrole_id", "start_date", "end_date") VALUES
(1,	't',	2,	NULL,	1,	NULL,	NULL),
(4,	't',	6,	NULL,	5,	NULL,	NULL),
(2,	't',	4,	NULL,	3,	NULL,	NULL),
(3,	't',	3,	NULL,	2,	NULL,	NULL),
(5,	't',	5,	NULL,	4,	NULL,	NULL);

DROP TABLE IF EXISTS "dbrole_permission";
DROP SEQUENCE IF EXISTS dbrole_permission_id_seq;
CREATE SEQUENCE dbrole_permission_id_seq INCREMENT 1 MINVALUE 1 MAXVALUE 2147483647 CACHE 1;

CREATE TABLE "public"."dbrole_permission" (
    "id" integer DEFAULT nextval('dbrole_permission_id_seq') NOT NULL,
    "active" boolean DEFAULT true,
    "dbrole_id" integer,
    "dbpermission_id" integer,
    CONSTRAINT "dbrole_permission_pkey" PRIMARY KEY ("id")
) WITH (oids = false);

INSERT INTO "dbrole_permission" ("id", "active", "dbrole_id", "dbpermission_id") VALUES
(1,	't',	1,	145),
(2,	't',	2,	144),
(3,	't',	2,	1029),
(4,	't',	2,	1019),
(5,	't',	3,	148),
(6,	't',	4,	148),
(7,	't',	5,	148),
(8,	't',	3,	958),
(9,	't',	3,	968),
(10,	't',	3,	976),
(11,	't',	3,	990),
(12,	't',	5,	996),
(13,	't',	3,	1052),
(14,	't',	4,	1064),
(15,	't',	4,	1078),
(16,	't',	1,	251),
(17,	't',	2,	251),
(18,	't',	3,	252),
(19,	't',	4,	252),
(20,	't',	5,	252),
(21,	't',	1,	210),
(22,	't',	2,	210),
(23,	't',	3,	210),
(24,	't',	4,	210),
(25,	't',	5,	210),
(26,	't',	1,	200),
(27,	't',	2,	200),
(28,	't',	3,	200),
(29,	't',	4,	200),
(30,	't',	5,	200),
(31,	't',	1,	174),
(32,	't',	2,	174),
(33,	't',	3,	174),
(34,	't',	4,	174),
(35,	't',	5,	174),
(36,	't',	1,	182),
(37,	't',	2,	182),
(38,	't',	3,	182),
(39,	't',	4,	182),
(40,	't',	5,	182),
(41,	't',	4,	244),
(42,	't',	4,	240),
(43,	't',	4,	230),
(44,	't',	4,	220),
(45,	't',	3,	162),
(46,	't',	3,	160),
(78,	't',	3,	1052),
(79,	't',	3,	1179),
(80,	't',	2,	282),
(81,	't',	4,	282);

DROP TABLE IF EXISTS "dbschema";
DROP SEQUENCE IF EXISTS dbschema_id_seq;
CREATE SEQUENCE dbschema_id_seq INCREMENT 1 MINVALUE 1 MAXVALUE 2147483647 CACHE 1;

CREATE TABLE "public"."dbschema" (
    "id" integer DEFAULT nextval('dbschema_id_seq') NOT NULL,
    "active" boolean DEFAULT true,
    "name" character varying(128),
    "label" character varying(255),
    "category" character varying(255) DEFAULT 'general',
    CONSTRAINT "dbschema_name_unique" UNIQUE ("name"),
    CONSTRAINT "dbschema_pkey" PRIMARY KEY ("id")
) WITH (oids = false);

INSERT INTO "dbschema" ("id", "active", "name", "label", "category") VALUES
(1,	't',	'dbworkflow',	'workflow',	'workflow'),
(2,	't',	'dbview',	'view',	'view'),
(3,	't',	'dbschema',	'template',	'template'),
(4,	't',	'dbschema_column',	'template field',	'template'),
(5,	't',	'dbuser',	'user',	'user'),
(6,	't',	'dbpermission',	'permission',	'role & permission'),
(7,	't',	'dbentity',	'entity',	'entity'),
(8,	't',	'dbrole',	'role',	'role & permission'),
(9,	't',	'dbdata_access',	'data access',	'history'),
(10,	't',	'dbnotification',	'notification',	'notification'),
(11,	't',	'dbentity_user',	'entity user attribution',	'entity'),
(12,	't',	'dbrole_attribution',	'role attribution',	'role & permission'),
(13,	't',	'dbrequest',	'request',	'request'),
(14,	't',	'dbtask',	'activity',	'request'),
(15,	't',	'dbworkflow_schema',	'workflow schema attribution',	'workflow'),
(16,	't',	'dbrole_permission',	'permission role attribution',	'role & permission'),
(17,	't',	'dbhierarchy',	'hierarchy',	'user'),
(18,	't',	'dbview_attribution',	'view attribution',	'view'),
(19,	't',	'dbfilter',	'filter',	'filter'),
(20,	't',	'dbfilter_field',	'filter field',	'filter'),
(21,	't',	'formalized_data',	'formalized data',	'formalized data'),
(22,	't',	'valuation_type',	'valuation type',	'valuation'),
(23,	't',	'valuation_format',	'valuation format',	'valuation'),
(24,	't',	'support',	'support',	'support'),
(25,	't',	'support_type',	'support type',	'support'),
(26,	't',	'result_type',	'result type',	'result'),
(27,	't',	'result_family',	'result family',	'result'),
(28,	't',	'restriction_type',	'restriction type',	'restriction'),
(29,	't',	'protection_type',	'protection type',	'protection'),
(30,	't',	'protection_area',	'protection area',	'protection'),
(31,	't',	'protection',	'protection',	'protection'),
(32,	't',	'project',	'project',	'entity'),
(33,	't',	'formalized_data_storage_type',	'formalized data storage type',	'formalized data'),
(34,	't',	'formalized_data_project',	'formalized data project',	'formalized data'),
(35,	't',	'confidentiality_level',	'confidentiality level',	'confidentiality'),
(36,	't',	'valuation',	'valuation',	'valuation');

DROP TABLE IF EXISTS "dbschema_column";
DROP SEQUENCE IF EXISTS dbschema_column_id_seq;
CREATE SEQUENCE dbschema_column_id_seq INCREMENT 1 MINVALUE 1 MAXVALUE 2147483647 CACHE 1;

CREATE TABLE "public"."dbschema_column" (
    "id" integer DEFAULT nextval('dbschema_column_id_seq') NOT NULL,
    "active" boolean DEFAULT true,
    "name" character varying(128),
    "label" character varying(255),
    "type" enum__smallint_integer_bigint_doubleprecision_decimal_time_date,
    "description" text,
    "placeholder" character varying(128),
    "default_value" character varying(255),
    "index" integer DEFAULT '1',
    "readonly" boolean,
    "required" boolean DEFAULT false,
    "read_level" enum__admin_moderator_responsible_normal DEFAULT 'normal',
    "dbschema_id" integer,
    "constraints" character varying(255),
    "link_id" integer,
    CONSTRAINT "dbschema_column_pkey" PRIMARY KEY ("id")
) WITH (oids = false);

INSERT INTO "dbschema_column" ("id", "active", "name", "label", "type", "description", "placeholder", "default_value", "index", "readonly", "required", "read_level", "dbschema_id", "constraints", "link_id") VALUES
(1,	't',	'name',	'name',	'varchar(128)',	NULL,	NULL,	NULL,	0,	't',	't',	NULL,	1,	'unique',	NULL),
(2,	't',	'description',	'description',	'varchar(255)',	NULL,	NULL,	NULL,	1,	'f',	'f',	NULL,	1,	NULL,	NULL),
(3,	't',	'is_meta',	'is a meta request',	'boolean',	NULL,	NULL,	'false',	2,	'f',	'f',	NULL,	1,	NULL,	NULL),
(4,	't',	'dbschema_id',	'template entry',	'integer',	NULL,	NULL,	NULL,	3,	't',	't',	NULL,	1,	NULL,	NULL),
(5,	't',	'steps',	'steps',	'onetomany',	NULL,	NULL,	NULL,	4,	'f',	'f',	NULL,	1,	NULL,	NULL),
(6,	't',	'name',	'name',	'varchar(128)',	NULL,	NULL,	NULL,	0,	'f',	't',	NULL,	2,	'unique',	NULL),
(7,	't',	'description',	'description',	'varchar(255)',	NULL,	NULL,	NULL,	1,	'f',	'f',	NULL,	2,	NULL,	NULL),
(8,	't',	'category',	'category',	'varchar(128)',	NULL,	NULL,	NULL,	2,	'f',	'f',	NULL,	2,	NULL,	NULL),
(9,	't',	'index',	'index',	'integer',	NULL,	NULL,	'1',	3,	'f',	'f',	NULL,	2,	NULL,	NULL),
(10,	't',	'indexable',	'indexable',	'boolean',	NULL,	NULL,	'true',	4,	'f',	'f',	NULL,	2,	NULL,	NULL),
(11,	't',	'is_list',	'is list',	'boolean',	NULL,	NULL,	'true',	5,	'f',	'f',	NULL,	2,	NULL,	NULL),
(12,	't',	'is_shortcut',	'is shortcut',	'boolean',	NULL,	NULL,	'false',	6,	'f',	'f',	NULL,	2,	NULL,	NULL),
(13,	't',	'is_empty',	'is empty',	'boolean',	NULL,	NULL,	'false',	7,	'f',	'f',	NULL,	2,	NULL,	NULL),
(14,	't',	'readonly',	'readonly',	'boolean',	NULL,	NULL,	NULL,	8,	'f',	't',	NULL,	2,	NULL,	NULL),
(15,	't',	'view_dbfilter_id',	'view dbfilter id',	'integer',	NULL,	NULL,	NULL,	9,	'f',	'f',	NULL,	2,	NULL,	NULL),
(16,	't',	'dbfilter_id',	'dbfilter id',	'integer',	NULL,	NULL,	NULL,	10,	'f',	'f',	NULL,	2,	NULL,	NULL),
(17,	't',	'dbschema_id',	'dbschema id',	'integer',	NULL,	NULL,	NULL,	11,	'f',	't',	NULL,	2,	NULL,	NULL),
(18,	't',	'name',	'name',	'varchar(128)',	NULL,	NULL,	NULL,	0,	't',	't',	'responsible',	3,	'unique',	NULL),
(19,	't',	'label',	'label',	'varchar(255)',	NULL,	NULL,	NULL,	1,	't',	't',	NULL,	3,	NULL,	NULL),
(20,	't',	'category',	'category',	'varchar(255)',	NULL,	NULL,	'general',	2,	't',	'f',	NULL,	3,	NULL,	NULL),
(21,	't',	'fields',	'fields',	'onetomany',	NULL,	NULL,	NULL,	3,	'f',	'f',	NULL,	3,	NULL,	4),
(22,	't',	'name',	'name',	'varchar(128)',	NULL,	NULL,	NULL,	0,	't',	't',	NULL,	4,	NULL,	NULL),
(23,	't',	'label',	'label',	'varchar(255)',	NULL,	NULL,	NULL,	1,	'f',	't',	NULL,	4,	NULL,	NULL),
(24,	't',	'description',	'description',	'text',	NULL,	NULL,	NULL,	3,	'f',	'f',	NULL,	4,	NULL,	NULL),
(25,	't',	'placeholder',	'placeholder',	'varchar(128)',	NULL,	NULL,	NULL,	4,	'f',	'f',	NULL,	4,	NULL,	NULL),
(26,	't',	'default_value',	'default',	'varchar(255)',	NULL,	NULL,	NULL,	5,	'f',	'f',	NULL,	4,	NULL,	NULL),
(27,	't',	'index',	'index',	'integer',	NULL,	NULL,	'1',	6,	'f',	't',	NULL,	4,	NULL,	NULL),
(28,	't',	'readonly',	'readonly',	'boolean',	NULL,	NULL,	NULL,	7,	'f',	't',	NULL,	4,	NULL,	NULL),
(29,	't',	'required',	'required',	'boolean',	NULL,	NULL,	'false',	8,	'f',	'f',	NULL,	4,	NULL,	NULL),
(30,	't',	'read_level',	'read level',	'enum__admin_moderator_responsible_normal',	NULL,	NULL,	'normal',	9,	'f',	'f',	NULL,	4,	NULL,	NULL),
(31,	't',	'dbschema_id',	'binded to template',	'integer',	NULL,	NULL,	NULL,	10,	't',	't',	NULL,	4,	NULL,	3),
(32,	't',	'constraints',	'constraints',	'varchar(255)',	NULL,	NULL,	NULL,	11,	'f',	'f',	'responsible',	4,	NULL,	NULL),
(33,	't',	'link_id',	'linked to',	'integer',	NULL,	NULL,	NULL,	12,	'f',	'f',	'responsible',	4,	NULL,	3),
(34,	't',	'name',	'name',	'varchar(128)',	NULL,	NULL,	NULL,	0,	't',	't',	NULL,	5,	'unique',	NULL),
(35,	't',	'email',	'email',	'varchar(128)',	NULL,	NULL,	NULL,	1,	't',	't',	NULL,	5,	'unique',	NULL),
(36,	't',	'password',	'password',	'text',	NULL,	NULL,	NULL,	2,	'f',	't',	'responsible',	5,	NULL,	NULL),
(37,	't',	'token',	'token',	'text',	NULL,	NULL,	NULL,	3,	'f',	'f',	NULL,	5,	NULL,	NULL),
(38,	't',	'super_admin',	'super admin',	'boolean',	NULL,	NULL,	'false',	4,	'f',	'f',	NULL,	5,	NULL,	NULL),
(39,	't',	'name',	'name',	'varchar(128)',	NULL,	NULL,	NULL,	0,	't',	't',	NULL,	6,	'unique',	NULL),
(40,	't',	'write',	'write',	'boolean',	NULL,	NULL,	NULL,	1,	'f',	't',	NULL,	6,	NULL,	NULL),
(41,	't',	'update',	'update',	'boolean',	NULL,	NULL,	NULL,	2,	'f',	't',	NULL,	6,	NULL,	NULL),
(42,	't',	'delete',	'delete',	'boolean',	NULL,	NULL,	NULL,	3,	'f',	't',	NULL,	6,	NULL,	NULL),
(43,	't',	'read',	'read',	'enum__admin_moderator_responsible_normal_own',	NULL,	NULL,	'normal',	4,	'f',	'f',	NULL,	6,	NULL,	NULL),
(44,	't',	'name',	'name',	'varchar(128)',	NULL,	NULL,	NULL,	0,	't',	't',	NULL,	7,	NULL,	NULL),
(45,	't',	'description',	'description',	'text',	NULL,	NULL,	NULL,	1,	'f',	'f',	NULL,	7,	NULL,	NULL),
(46,	't',	'parent_id',	'parent entity',	'integer',	NULL,	NULL,	NULL,	2,	'f',	'f',	NULL,	7,	NULL,	7),
(47,	't',	'name',	'name',	'varchar(128)',	NULL,	NULL,	NULL,	0,	't',	't',	NULL,	8,	'unique',	NULL),
(48,	't',	'description',	'description',	'text',	NULL,	NULL,	NULL,	1,	'f',	'f',	NULL,	8,	NULL,	NULL),
(49,	't',	'update',	'updated',	'boolean',	NULL,	NULL,	'false',	0,	't',	'f',	NULL,	9,	NULL,	NULL),
(50,	't',	'write',	'created',	'boolean',	NULL,	NULL,	'false',	1,	't',	'f',	NULL,	9,	NULL,	NULL),
(51,	't',	'access_date',	'access date',	'timestamp',	NULL,	NULL,	'2024-05-07 14:37:05.075219+00',	2,	't',	'f',	NULL,	9,	NULL,	NULL),
(52,	't',	'dbdest_table_id',	'reference',	'integer',	NULL,	NULL,	NULL,	3,	't',	'f',	NULL,	9,	NULL,	NULL),
(53,	't',	'dbschema_id',	'template attached',	'integer',	NULL,	NULL,	NULL,	4,	't',	't',	NULL,	9,	NULL,	3),
(54,	't',	'dbuser_id',	'related user',	'integer',	NULL,	NULL,	NULL,	5,	't',	'f',	NULL,	9,	NULL,	5),
(55,	't',	'name',	'name',	'varchar(128)',	NULL,	NULL,	NULL,	0,	'f',	't',	NULL,	10,	NULL,	NULL),
(56,	't',	'description',	'description',	'varchar(255)',	NULL,	NULL,	NULL,	1,	'f',	'f',	NULL,	10,	NULL,	NULL),
(57,	't',	'dbuser_id',	'user assignee',	'integer',	NULL,	NULL,	NULL,	2,	't',	'f',	NULL,	10,	NULL,	5),
(58,	't',	'dbentity_id',	'entity assignee',	'integer',	NULL,	NULL,	NULL,	3,	't',	'f',	NULL,	10,	NULL,	7),
(59,	't',	'dbdest_table_id',	'reference',	'integer',	NULL,	NULL,	NULL,	4,	't',	'f',	NULL,	10,	NULL,	NULL),
(60,	't',	'link_id',	'template attached',	'integer',	NULL,	NULL,	NULL,	5,	't',	'f',	NULL,	10,	NULL,	3),
(61,	't',	'dbuser_id',	'user',	'integer',	NULL,	NULL,	NULL,	0,	't',	't',	NULL,	11,	NULL,	5),
(62,	't',	'dbentity_id',	'entity',	'integer',	NULL,	NULL,	NULL,	1,	't',	't',	NULL,	11,	NULL,	7),
(63,	't',	'start_date',	'start date',	'timestamp',	NULL,	NULL,	'2024-05-07 14:37:10.562895+00',	2,	'f',	'f',	NULL,	11,	NULL,	NULL),
(64,	't',	'end_date',	'end date',	'timestamp',	NULL,	NULL,	NULL,	3,	'f',	'f',	NULL,	11,	NULL,	NULL),
(65,	't',	'dbuser_id',	'user',	'integer',	NULL,	NULL,	NULL,	0,	't',	'f',	NULL,	12,	NULL,	5),
(66,	't',	'dbentity_id',	'entity',	'integer',	NULL,	NULL,	NULL,	1,	't',	'f',	NULL,	12,	NULL,	7),
(67,	't',	'dbrole_id',	'role',	'integer',	NULL,	NULL,	NULL,	2,	't',	't',	NULL,	12,	NULL,	8),
(68,	't',	'start_date',	'start date',	'timestamp',	NULL,	NULL,	'2024-05-07 14:37:12.961346+00',	3,	'f',	'f',	NULL,	12,	NULL,	NULL),
(69,	't',	'end_date',	'end date',	'timestamp',	NULL,	NULL,	NULL,	4,	'f',	'f',	NULL,	12,	NULL,	NULL),
(70,	't',	'name',	'name',	'varchar(128)',	NULL,	NULL,	NULL,	0,	't',	't',	NULL,	13,	NULL,	NULL),
(71,	't',	'state',	'state',	'enum__pending_progressing_dismiss_completed',	NULL,	NULL,	'pending',	1,	'f',	'f',	'responsible',	13,	NULL,	NULL),
(72,	't',	'is_close',	'is close',	'boolean',	NULL,	NULL,	'false',	2,	'f',	'f',	'responsible',	13,	NULL,	NULL),
(73,	't',	'current_index',	'current index',	'integer',	NULL,	NULL,	'0',	3,	'f',	'f',	'responsible',	13,	NULL,	NULL),
(74,	't',	'created_date',	'created date',	'timestamp',	NULL,	NULL,	'2024-05-07 14:37:15.830184+00',	4,	't',	'f',	'responsible',	13,	NULL,	NULL),
(75,	't',	'closing_date',	'closing date',	'timestamp',	NULL,	NULL,	NULL,	5,	't',	'f',	'responsible',	13,	NULL,	NULL),
(76,	't',	'dbdest_table_id',	'reference',	'integer',	NULL,	NULL,	NULL,	6,	't',	'f',	'responsible',	13,	NULL,	NULL),
(77,	't',	'dbschema_id',	'template attached',	'integer',	NULL,	NULL,	NULL,	7,	't',	't',	'responsible',	13,	NULL,	3),
(78,	't',	'dbworkflow_id',	'request type',	'integer',	NULL,	NULL,	NULL,	8,	'f',	't',	NULL,	13,	NULL,	1),
(79,	't',	'dbuser_id',	'created by',	'integer',	NULL,	NULL,	NULL,	9,	'f',	'f',	'responsible',	13,	NULL,	5),
(80,	't',	'is_meta',	'is meta',	'boolean',	NULL,	NULL,	'false',	10,	'f',	'f',	'responsible',	13,	NULL,	NULL),
(81,	't',	'name',	'name',	'varchar(128)',	NULL,	NULL,	NULL,	0,	't',	't',	NULL,	14,	NULL,	NULL),
(82,	't',	'description',	'description',	'varchar(255)',	NULL,	NULL,	NULL,	1,	'f',	'f',	NULL,	14,	NULL,	NULL),
(83,	't',	'state',	'state',	'enum__pending_progressing_dismiss_completed',	NULL,	NULL,	'pending',	2,	'f',	'f',	NULL,	14,	NULL,	NULL),
(84,	't',	'is_close',	'is close',	'boolean',	NULL,	NULL,	'false',	3,	'f',	'f',	'responsible',	14,	NULL,	NULL),
(85,	't',	'urgency',	'urgency',	'enum__low_normal_high',	NULL,	NULL,	'normal',	4,	't',	'f',	NULL,	14,	NULL,	NULL),
(86,	't',	'priority',	'priority',	'enum__low_normal_high',	NULL,	NULL,	'normal',	5,	't',	'f',	NULL,	14,	NULL,	NULL),
(87,	't',	'comment',	'comment',	'text',	NULL,	NULL,	NULL,	6,	'f',	'f',	NULL,	14,	NULL,	NULL),
(88,	't',	'dbuser_id',	'created by',	'integer',	NULL,	NULL,	NULL,	8,	't',	'f',	'responsible',	14,	NULL,	5),
(89,	't',	'created_date',	'created date',	'timestamp',	NULL,	NULL,	'2024-05-07 14:37:22.718166+00',	9,	't',	'f',	NULL,	14,	NULL,	NULL),
(90,	't',	'closing_date',	'closing date',	'timestamp',	NULL,	NULL,	NULL,	10,	't',	'f',	NULL,	14,	NULL,	NULL),
(91,	't',	'dbdest_table_id',	'reference',	'integer',	NULL,	NULL,	NULL,	11,	't',	'f',	NULL,	14,	NULL,	NULL),
(92,	't',	'dbschema_id',	'template attached',	'integer',	NULL,	NULL,	NULL,	12,	't',	't',	NULL,	14,	NULL,	3),
(93,	't',	'dbrequest_id',	'request attached',	'integer',	NULL,	NULL,	NULL,	13,	't',	't',	NULL,	14,	NULL,	13),
(94,	't',	'dbworkflow_schema_id',	'workflow attached',	'integer',	NULL,	NULL,	NULL,	14,	't',	'f',	'responsible',	14,	NULL,	15),
(95,	't',	'nexts',	'nexts',	'varchar(255)',	NULL,	NULL,	'all',	15,	'f',	'f',	'responsible',	14,	NULL,	NULL),
(96,	't',	'meta_dbrequest_id',	'meta request attached',	'integer',	NULL,	NULL,	NULL,	16,	't',	't',	NULL,	14,	NULL,	13),
(97,	't',	'name',	'name',	'varchar(128)',	NULL,	NULL,	NULL,	0,	't',	't',	NULL,	15,	'unique',	NULL),
(98,	't',	'description',	'description',	'text',	NULL,	NULL,	NULL,	1,	'f',	'f',	NULL,	15,	NULL,	NULL),
(99,	't',	'index',	'index',	'integer',	NULL,	NULL,	'1',	2,	'f',	't',	NULL,	15,	NULL,	NULL),
(100,	't',	'urgency',	'urgency',	'enum__low_normal_high',	NULL,	NULL,	'normal',	3,	'f',	'f',	NULL,	15,	NULL,	NULL),
(101,	't',	'priority',	'priority',	'enum__low_normal_high',	NULL,	NULL,	'normal',	4,	'f',	'f',	NULL,	15,	NULL,	NULL),
(102,	't',	'optionnal',	'optionnal',	'boolean',	NULL,	NULL,	'false',	5,	'f',	'f',	NULL,	15,	NULL,	NULL),
(103,	't',	'hub',	'hub',	'boolean',	NULL,	NULL,	'false',	6,	'f',	'f',	NULL,	15,	NULL,	NULL),
(104,	't',	'dbworkflow_id',	'workflow attached',	'integer',	NULL,	NULL,	NULL,	7,	't',	't',	NULL,	15,	NULL,	1),
(105,	't',	'dbschema_id',	'template attached',	'integer',	NULL,	NULL,	NULL,	8,	't',	't',	NULL,	15,	NULL,	3),
(106,	't',	'dbuser_id',	'user assignee',	'integer',	NULL,	NULL,	NULL,	9,	'f',	'f',	NULL,	15,	NULL,	5),
(107,	't',	'dbentity_id',	'entity assignee',	'integer',	NULL,	NULL,	NULL,	10,	'f',	'f',	NULL,	15,	NULL,	7),
(108,	't',	'wrapped_dbworkflow_id',	'wrapping workflow',	'integer',	NULL,	NULL,	NULL,	11,	't',	'f',	NULL,	15,	NULL,	1),
(109,	't',	'dbrole_id',	'role',	'integer',	NULL,	NULL,	NULL,	0,	't',	't',	NULL,	16,	NULL,	8),
(110,	't',	'dbpermission_id',	'permission',	'integer',	NULL,	NULL,	NULL,	1,	't',	't',	NULL,	16,	NULL,	6),
(111,	't',	'parent_dbuser_id',	'hierarchical user',	'integer',	NULL,	NULL,	NULL,	0,	'f',	't',	NULL,	17,	NULL,	5),
(112,	't',	'dbuser_id',	'user with hierarchy',	'integer',	NULL,	NULL,	NULL,	1,	'f',	'f',	NULL,	17,	NULL,	5),
(113,	't',	'dbentity_id',	'entity with hierarchy',	'integer',	NULL,	NULL,	NULL,	2,	'f',	'f',	NULL,	17,	NULL,	7),
(114,	't',	'start_date',	'start date',	'timestamp',	NULL,	NULL,	'2024-05-07 14:37:34.460288+00',	3,	'f',	'f',	NULL,	17,	NULL,	NULL),
(115,	't',	'end_date',	'end date',	'timestamp',	NULL,	NULL,	NULL,	4,	'f',	'f',	NULL,	17,	NULL,	NULL),
(116,	't',	'dbview_id',	'dbview id',	'integer',	NULL,	NULL,	NULL,	0,	'f',	't',	NULL,	18,	NULL,	2),
(117,	't',	'dbuser_id',	'dbuser id',	'integer',	NULL,	NULL,	NULL,	1,	'f',	'f',	NULL,	18,	NULL,	5),
(118,	't',	'dbentity_id',	'dbentity id',	'integer',	NULL,	NULL,	NULL,	2,	'f',	'f',	NULL,	18,	NULL,	7),
(119,	't',	'name',	'name',	'varchar(128)',	NULL,	NULL,	NULL,	0,	'f',	't',	NULL,	19,	NULL,	NULL),
(120,	't',	'is_view',	'is view',	'boolean',	NULL,	NULL,	'false',	1,	'f',	'f',	NULL,	19,	NULL,	NULL),
(121,	't',	'dbschema_id',	'dbschema id',	'integer',	NULL,	NULL,	NULL,	2,	'f',	'f',	NULL,	19,	NULL,	3),
(122,	't',	'dbuser_id',	'dbuser id',	'integer',	NULL,	NULL,	NULL,	3,	'f',	'f',	NULL,	19,	NULL,	5),
(123,	't',	'dbentity_id',	'dbentity id',	'integer',	NULL,	NULL,	NULL,	4,	'f',	'f',	NULL,	19,	NULL,	7),
(124,	't',	'dbschema_column_id',	'dbschema column id',	'integer',	NULL,	NULL,	NULL,	0,	'f',	't',	NULL,	20,	NULL,	4),
(125,	't',	'value',	'value',	'varchar(255)',	NULL,	NULL,	NULL,	1,	'f',	'f',	NULL,	20,	NULL,	NULL),
(126,	't',	'operator',	'operator',	'varchar(6)',	NULL,	NULL,	NULL,	2,	'f',	'f',	NULL,	20,	NULL,	NULL),
(127,	't',	'separator',	'separator',	'enum__and_or',	NULL,	NULL,	NULL,	3,	'f',	'f',	NULL,	20,	NULL,	NULL),
(128,	't',	'dir',	'dir',	'varchar(255)',	NULL,	NULL,	NULL,	4,	'f',	'f',	NULL,	20,	NULL,	NULL),
(129,	't',	'index',	'index',	'integer',	NULL,	NULL,	'1',	5,	'f',	'f',	NULL,	20,	NULL,	NULL),
(130,	't',	'dbfilter_id',	'dbfilter id',	'integer',	NULL,	NULL,	NULL,	6,	'f',	'f',	NULL,	20,	NULL,	19),
(131,	't',	'name',	'name',	'varchar(128)',	NULL,	NULL,	NULL,	0,	't',	't',	NULL,	21,	'unique',	NULL),
(132,	't',	'ref',	'referencing',	'varchar(128)',	NULL,	NULL,	NULL,	1,	't',	'f',	NULL,	21,	NULL,	NULL),
(133,	't',	'first_evaluation',	'first evaluation',	'decimal',	NULL,	NULL,	NULL,	2,	'f',	't',	'responsible',	21,	NULL,	NULL),
(134,	't',	'first_evaluation_date',	'first evaluation date',	'timestamp',	NULL,	NULL,	NULL,	3,	'f',	't',	'responsible',	21,	NULL,	NULL),
(135,	't',	'actualized_evaluation',	'actualized evaluation',	'decimal',	NULL,	NULL,	NULL,	4,	'f',	't',	'responsible',	21,	NULL,	NULL),
(136,	't',	'capitalization_date',	'capitalization date',	'timestamp',	NULL,	NULL,	NULL,	5,	'f',	't',	'responsible',	21,	NULL,	NULL),
(137,	't',	'committee_date',	'committee reunion date',	'timestamp',	NULL,	NULL,	NULL,	6,	'f',	't',	'responsible',	21,	NULL,	NULL),
(138,	't',	'result_type_id',	'result type',	'integer',	NULL,	NULL,	NULL,	7,	'f',	'f',	NULL,	21,	NULL,	26),
(139,	't',	'result_family_id',	'result family',	'integer',	NULL,	NULL,	NULL,	8,	'f',	'f',	NULL,	21,	NULL,	27),
(140,	't',	'support_id',	'support',	'integer',	NULL,	NULL,	NULL,	9,	'f',	'f',	NULL,	21,	NULL,	24),
(141,	't',	'confidentiality_level_id',	'confidentiality level',	'integer',	NULL,	NULL,	NULL,	10,	'f',	'f',	'responsible',	21,	NULL,	35),
(142,	't',	'contractual',	'contractual',	'boolean',	NULL,	NULL,	NULL,	11,	'f',	'f',	'responsible',	21,	NULL,	NULL),
(143,	't',	'storage_area',	'storage area',	'varchar(128)',	NULL,	NULL,	NULL,	12,	't',	'f',	NULL,	21,	NULL,	NULL),
(144,	't',	'storage_types',	'storage types',	'manytomany',	NULL,	NULL,	NULL,	13,	'f',	'f',	NULL,	21,	NULL,	25),
(145,	't',	'projects',	'projects',	'manytomany',	NULL,	NULL,	NULL,	14,	'f',	'f',	NULL,	21,	NULL,	32),
(146,	't',	'valuations',	'valuations',	'onetomany',	NULL,	NULL,	NULL,	15,	'f',	'f',	'responsible',	21,	NULL,	NULL),
(147,	't',	'protections',	'protections',	'onetomany',	NULL,	NULL,	NULL,	16,	'f',	'f',	'responsible',	21,	NULL,	31),
(148,	't',	'restriction_types',	'restriction types',	'onetomany',	NULL,	NULL,	NULL,	17,	'f',	'f',	'responsible',	21,	NULL,	28),
(149,	't',	'name',	'name',	'varchar(128)',	NULL,	NULL,	NULL,	0,	't',	't',	NULL,	22,	'unique',	NULL),
(150,	't',	'name',	'name',	'varchar(128)',	NULL,	NULL,	NULL,	0,	't',	't',	NULL,	23,	'unique',	NULL),
(151,	't',	'name',	'name',	'varchar(128)',	NULL,	NULL,	NULL,	0,	't',	't',	NULL,	24,	'unique',	NULL),
(152,	't',	'name',	'name',	'varchar(128)',	NULL,	NULL,	NULL,	0,	't',	't',	NULL,	25,	'unique',	NULL),
(153,	't',	'name',	'name',	'varchar(128)',	NULL,	NULL,	NULL,	0,	't',	't',	NULL,	26,	'unique',	NULL),
(154,	't',	'name',	'name',	'varchar(128)',	NULL,	NULL,	NULL,	0,	't',	't',	NULL,	27,	'unique',	NULL),
(155,	't',	'name',	'name',	'varchar(128)',	NULL,	NULL,	NULL,	0,	't',	't',	NULL,	28,	'unique',	NULL),
(156,	't',	'formalized_data_id',	'related formalized data',	'integer',	NULL,	NULL,	NULL,	1,	'f',	't',	NULL,	28,	NULL,	21),
(157,	't',	'name',	'name',	'varchar(128)',	NULL,	NULL,	NULL,	0,	't',	't',	NULL,	29,	'unique',	NULL),
(158,	't',	'name',	'name',	'varchar(128)',	NULL,	NULL,	NULL,	0,	't',	't',	NULL,	30,	'unique',	NULL),
(159,	't',	'name',	'name',	'varchar(128)',	NULL,	NULL,	NULL,	0,	't',	't',	NULL,	31,	'unique',	NULL),
(160,	't',	'name',	'name',	'varchar(128)',	NULL,	NULL,	NULL,	0,	't',	't',	NULL,	32,	'unique',	NULL),
(161,	't',	'code',	'code',	'varchar(128)',	NULL,	NULL,	NULL,	1,	't',	't',	NULL,	32,	'unique',	NULL),
(162,	't',	'dbentity_id',	'related entity',	'integer',	NULL,	NULL,	NULL,	2,	'f',	't',	NULL,	32,	NULL,	7),
(163,	't',	'dbformalized_data_id',	'binded formalized data',	'integer',	NULL,	NULL,	NULL,	0,	'f',	't',	NULL,	33,	NULL,	21),
(164,	't',	'dbsupport_type_id',	'binded storage type',	'integer',	NULL,	NULL,	NULL,	1,	'f',	't',	NULL,	33,	NULL,	25),
(165,	't',	'dbformalized_data_id',	'binded formalized data',	'integer',	NULL,	NULL,	NULL,	0,	'f',	't',	NULL,	34,	NULL,	21),
(166,	't',	'dbproject_id',	'binded project',	'integer',	NULL,	NULL,	NULL,	1,	'f',	't',	NULL,	34,	NULL,	32),
(167,	't',	'name',	'name',	'varchar(128)',	NULL,	NULL,	NULL,	0,	't',	't',	NULL,	35,	'unique',	NULL),
(168,	't',	'name',	'name',	'varchar(128)',	NULL,	NULL,	NULL,	0,	't',	't',	NULL,	36,	'unique',	NULL),
(169,	't',	'formalized_data_id',	'related formalized data',	'integer',	NULL,	NULL,	NULL,	1,	'f',	't',	NULL,	36,	NULL,	21),
(170,	't',	'dbvaluation_type_id',	'related valuation type',	'integer',	NULL,	NULL,	NULL,	2,	'f',	't',	NULL,	36,	NULL,	22),
(171,	't',	'dbvaluation_format_id',	'related valuation format',	'integer',	NULL,	NULL,	NULL,	3,	'f',	't',	NULL,	36,	NULL,	23);

DROP TABLE IF EXISTS "dbtask";
DROP SEQUENCE IF EXISTS dbtask_id_seq;
CREATE SEQUENCE dbtask_id_seq INCREMENT 1 MINVALUE 1 MAXVALUE 2147483647 CACHE 1;

CREATE TABLE "public"."dbtask" (
    "id" integer DEFAULT nextval('dbtask_id_seq') NOT NULL,
    "active" boolean DEFAULT true,
    "name" character varying(128),
    "description" character varying(255),
    "state" enum__pending_progressing_dismiss_completed DEFAULT 'pending',
    "is_close" boolean DEFAULT false,
    "urgency" enum__low_normal_high DEFAULT 'normal',
    "priority" enum__low_normal_high DEFAULT 'normal',
    "comment" text,
    "dbuser_id" integer,
    "created_date" timestamp,
    "closing_date" timestamp,
    "dbdest_table_id" integer,
    "dbschema_id" integer,
    "dbrequest_id" integer,
    "dbworkflow_schema_id" integer,
    "nexts" character varying(255) DEFAULT 'all',
    "meta_dbrequest_id" integer,
    CONSTRAINT "dbtask_pkey" PRIMARY KEY ("id")
) WITH (oids = false);


DROP TABLE IF EXISTS "dbuser";
DROP SEQUENCE IF EXISTS dbuser_id_seq;
CREATE SEQUENCE dbuser_id_seq INCREMENT 1 MINVALUE 1 MAXVALUE 2147483647 CACHE 1;

CREATE TABLE "public"."dbuser" (
    "id" integer DEFAULT nextval('dbuser_id_seq') NOT NULL,
    "active" boolean DEFAULT true,
    "name" character varying(128),
    "email" character varying(128),
    "password" text,
    "token" text,
    "super_admin" boolean DEFAULT false,
    CONSTRAINT "dbuser_email_unique" UNIQUE ("email"),
    CONSTRAINT "dbuser_name_unique" UNIQUE ("name"),
    CONSTRAINT "dbuser_pkey" PRIMARY KEY ("id")
) WITH (oids = false);

INSERT INTO "dbuser" ("id", "active", "name", "email", "password", "token", "super_admin") VALUES
(1,	't',	'root',	'morgane.roques@irt-saintexupery.com',	'$argon2id$v=19$m=65536,t=3,p=4$G3YxOW rhonSDiDkQVtqnw$VQglYgDA7ErwEtg/55rchivCT4W7gdndluB6Tml TpM',	NULL,	't'),
(2,	't',	'ING',	'ing@irt-saintexupery.com',	'$argon2id$v=19$m=65536,t=3,p=4$GbyLvuZnDpx3KZXtpHlWtQ$n8TTVceqfnK6RVoIrUhTtS1KaET7kE3Mg5sNCK1pw2U',	NULL,	'f'),
(4,	't',	'CDG',	'cdg@irt-saintexupery.com',	'$argon2id$v=19$m=65536,t=3,p=4$GbyLvuZnDpx3KZXtpHlWtQ$n8TTVceqfnK6RVoIrUhTtS1KaET7kE3Mg5sNCK1pw2U',	NULL,	'f'),
(5,	't',	'JURIDIC',	'juridic@irt-saintexupery.com',	'$argon2id$v=19$m=65536,t=3,p=4$GbyLvuZnDpx3KZXtpHlWtQ$n8TTVceqfnK6RVoIrUhTtS1KaET7kE3Mg5sNCK1pw2U',	NULL,	'f'),
(3,	't',	'CDP',	'cdp@irt-saintexupery.com',	'$argon2id$v=19$m=65536,t=3,p=4$GbyLvuZnDpx3KZXtpHlWtQ$n8TTVceqfnK6RVoIrUhTtS1KaET7kE3Mg5sNCK1pw2U',	NULL,	'f'),
(6,	't',	'COMMITTEE',	'committee@irt-saintexupery.com',	'$argon2id$v=19$m=65536,t=3,p=4$GbyLvuZnDpx3KZXtpHlWtQ$n8TTVceqfnK6RVoIrUhTtS1KaET7kE3Mg5sNCK1pw2U',	NULL,	'f');

DROP TABLE IF EXISTS "dbview";
DROP SEQUENCE IF EXISTS dbview_id_seq;
CREATE SEQUENCE dbview_id_seq INCREMENT 1 MINVALUE 1 MAXVALUE 2147483647 CACHE 1;

CREATE TABLE "public"."dbview" (
    "id" integer DEFAULT nextval('dbview_id_seq') NOT NULL,
    "active" boolean DEFAULT true,
    "name" character varying(128),
    "description" character varying(255),
    "category" character varying(128),
    "index" integer DEFAULT '1',
    "indexable" boolean DEFAULT true,
    "is_list" boolean DEFAULT true,
    "is_shortcut" boolean DEFAULT false,
    "is_empty" boolean DEFAULT false,
    "readonly" boolean,
    "view_dbfilter_id" integer,
    "dbfilter_id" integer,
    "dbschema_id" integer,
    CONSTRAINT "dbview_name_unique" UNIQUE ("name"),
    CONSTRAINT "dbview_pkey" PRIMARY KEY ("id")
) WITH (oids = false);

INSERT INTO "dbview" ("id", "active", "name", "description", "category", "index", "indexable", "is_list", "is_shortcut", "is_empty", "readonly", "view_dbfilter_id", "dbfilter_id", "dbschema_id") VALUES
(1,	't',	'template',	'View description for template datas.',	'template',	2,	't',	't',	'f',	'f',	'f',	NULL,	NULL,	3),
(2,	't',	'template field',	'View description for template field datas.',	'template',	2,	't',	't',	'f',	'f',	'f',	NULL,	NULL,	4),
(3,	't',	'user',	'View description for user datas.',	'user',	3,	't',	't',	'f',	'f',	'f',	NULL,	NULL,	5),
(4,	't',	'permission',	'View description for permission datas.',	'role & permission',	4,	't',	't',	'f',	'f',	'f',	NULL,	NULL,	6),
(5,	't',	'entity',	'View description for entity datas.',	'entity',	5,	't',	't',	'f',	'f',	'f',	NULL,	NULL,	7),
(6,	't',	'role',	'View description for role datas.',	'role & permission',	6,	't',	't',	'f',	'f',	'f',	NULL,	NULL,	8),
(7,	't',	'entity user attribution',	'View description for entity user attribution datas.',	'entity',	7,	't',	't',	'f',	'f',	'f',	NULL,	NULL,	11),
(8,	't',	'role attribution',	'View description for role attribution datas.',	'role & permission',	8,	't',	't',	'f',	'f',	'f',	NULL,	NULL,	12),
(11,	't',	'workflow schema attribution',	'View description for workflow schema attribution datas.',	'workflow',	11,	't',	't',	'f',	'f',	'f',	NULL,	NULL,	15),
(12,	't',	'permission role attribution',	'View description for permission role attribution datas.',	'role & permission',	12,	't',	't',	'f',	'f',	'f',	NULL,	NULL,	16),
(13,	't',	'hierarchy',	'View description for hierarchy datas.',	'user',	13,	't',	't',	'f',	'f',	'f',	NULL,	NULL,	17),
(16,	't',	'formalized data',	'View description for formalized data datas.',	'formalized data',	16,	't',	't',	'f',	'f',	'f',	NULL,	NULL,	21),
(17,	't',	'valuation type',	'View description for valuation type datas.',	'valuation',	17,	't',	't',	'f',	'f',	'f',	NULL,	NULL,	22),
(18,	't',	'valuation format',	'View description for valuation format datas.',	'valuation',	18,	't',	't',	'f',	'f',	'f',	NULL,	NULL,	23),
(19,	't',	'support',	'View description for support datas.',	'support',	19,	't',	't',	'f',	'f',	'f',	NULL,	NULL,	24),
(20,	't',	'support type',	'View description for support type datas.',	'support',	20,	't',	't',	'f',	'f',	'f',	NULL,	NULL,	25),
(21,	't',	'result type',	'View description for result type datas.',	'result',	21,	't',	't',	'f',	'f',	'f',	NULL,	NULL,	26),
(22,	't',	'result family',	'View description for result family datas.',	'result',	22,	't',	't',	'f',	'f',	'f',	NULL,	NULL,	27),
(23,	't',	'restriction type',	'View description for restriction type datas.',	'restriction',	23,	't',	't',	'f',	'f',	'f',	NULL,	NULL,	28),
(24,	't',	'protection type',	'View description for protection type datas.',	'protection',	24,	't',	't',	'f',	'f',	'f',	NULL,	NULL,	29),
(25,	't',	'protection area',	'View description for protection area datas.',	'protection',	25,	't',	't',	'f',	'f',	'f',	NULL,	NULL,	30),
(26,	't',	'protection',	'View description for protection datas.',	'protection',	26,	't',	't',	'f',	'f',	'f',	NULL,	NULL,	31),
(27,	't',	'project',	'View description for project datas.',	'entity',	27,	't',	't',	'f',	'f',	'f',	NULL,	NULL,	32),
(28,	't',	'formalized data storage type',	'View description for formalized data storage type datas.',	'formalized data',	28,	't',	't',	'f',	'f',	'f',	NULL,	NULL,	33),
(29,	't',	'formalized data project',	'View description for formalized data project datas.',	'formalized data',	29,	't',	't',	'f',	'f',	'f',	NULL,	NULL,	34),
(30,	't',	'confidentiality level',	'View description for confidentiality level datas.',	'confidentiality',	30,	't',	't',	'f',	'f',	'f',	NULL,	NULL,	35),
(32,	't',	'submit data',	'select a form to submit an entry.',	NULL,	0,	't',	'f',	't',	't',	'f',	NULL,	NULL,	13),
(33,	't',	'my unvalidated datas',	NULL,	'my requests',	1,	't',	't',	'f',	'f',	't',	NULL,	NULL,	13),
(34,	't',	'my validated requests',	NULL,	'my requests',	1,	't',	't',	'f',	'f',	't',	NULL,	NULL,	13),
(35,	't',	'assigned activity',	NULL,	'my activity',	1,	't',	't',	'f',	'f',	'f',	NULL,	NULL,	14),
(36,	't',	'archived activity',	NULL,	'my activity',	1,	't',	't',	'f',	'f',	't',	NULL,	NULL,	14),
(31,	't',	'workflow',	'View description for dbworkflow datas.',	'workflow',	11,	't',	't',	'f',	'f',	'f',	NULL,	NULL,	1),
(37,	't',	'valuation',	'View description for valuation datas.',	'valuation',	37,	't',	't',	'f',	'f',	'f',	NULL,	NULL,	36);

DROP TABLE IF EXISTS "dbview_attribution";
DROP SEQUENCE IF EXISTS dbview_attribution_id_seq;
CREATE SEQUENCE dbview_attribution_id_seq INCREMENT 1 MINVALUE 1 MAXVALUE 2147483647 CACHE 1;

CREATE TABLE "public"."dbview_attribution" (
    "id" integer DEFAULT nextval('dbview_attribution_id_seq') NOT NULL,
    "active" boolean DEFAULT true,
    "dbview_id" integer,
    "dbuser_id" integer,
    "dbentity_id" integer,
    CONSTRAINT "dbview_attribution_pkey" PRIMARY KEY ("id")
) WITH (oids = false);


DROP TABLE IF EXISTS "dbworkflow";
DROP SEQUENCE IF EXISTS dbworkflow_id_seq;
CREATE SEQUENCE dbworkflow_id_seq INCREMENT 1 MINVALUE 1 MAXVALUE 2147483647 CACHE 1;

CREATE TABLE "public"."dbworkflow" (
    "id" integer DEFAULT nextval('dbworkflow_id_seq') NOT NULL,
    "active" boolean DEFAULT true,
    "name" character varying(128),
    "description" character varying(255),
    "is_meta" boolean DEFAULT false,
    "dbschema_id" integer,
    CONSTRAINT "dbworkflow_name_unique" UNIQUE ("name"),
    CONSTRAINT "dbworkflow_pkey" PRIMARY KEY ("id")
) WITH (oids = false);

INSERT INTO "dbworkflow" ("id", "active", "name", "description", "is_meta", "dbschema_id") VALUES
(1,	't',	'create view',	'new view workflow',	'f',	2),
(2,	't',	'create template',	'new template workflow',	'f',	3),
(3,	't',	'create template field',	'new template field workflow',	'f',	4),
(4,	't',	'create user',	'new user workflow',	'f',	5),
(5,	't',	'create permission',	'new permission workflow',	'f',	6),
(6,	't',	'create entity',	'new entity workflow',	'f',	7),
(7,	't',	'create role',	'new role workflow',	'f',	8),
(9,	't',	'create entity user attribution',	'new entity user attribution workflow',	'f',	11),
(10,	't',	'create role attribution',	'new role attribution workflow',	'f',	12),
(11,	't',	'create workflow schema attribution',	'new workflow schema attribution workflow',	'f',	15),
(12,	't',	'create permission role attribution',	'new permission role attribution workflow',	'f',	16),
(13,	't',	'create hierarchy',	'new hierarchy workflow',	'f',	17),
(17,	't',	'create formalized data',	'new formalized data workflow',	'f',	21),
(18,	't',	'create valuation type',	'new valuation type workflow',	'f',	22),
(19,	't',	'create valuation format',	'new valuation format workflow',	'f',	23),
(20,	't',	'create support',	'new support workflow',	'f',	24),
(21,	't',	'create support type',	'new support type workflow',	'f',	25),
(22,	't',	'create result type',	'new result type workflow',	'f',	26),
(23,	't',	'create result family',	'new result family workflow',	'f',	27),
(24,	't',	'create restriction type',	'new restriction type workflow',	'f',	28),
(25,	't',	'create protection type',	'new protection type workflow',	'f',	29),
(26,	't',	'create protection area',	'new protection area workflow',	'f',	30),
(27,	't',	'create protection',	'new protection workflow',	'f',	31),
(28,	't',	'create project',	'new project workflow',	'f',	32),
(29,	't',	'create formalized data storage type',	'new formalized data storage type workflow',	'f',	33),
(30,	't',	'create formalized data project',	'new formalized data project workflow',	'f',	34),
(31,	't',	'create confidentiality level',	'new confidentiality level workflow',	'f',	35),
(32,	't',	'create dbview',	'new dbview workflow',	'f',	2),
(33,	't',	'create valuation',	'new valuation workflow',	'f',	36),
(34,	't',	'meta create valorization',	'meta create valorization',	't',	21),
(35,	't',	'meta create protection	',	NULL,	't',	21);

DROP TABLE IF EXISTS "dbworkflow_schema";
DROP SEQUENCE IF EXISTS dbworkflow_schema_id_seq;
CREATE SEQUENCE dbworkflow_schema_id_seq INCREMENT 1 MINVALUE 1 MAXVALUE 2147483647 CACHE 1;

CREATE TABLE "public"."dbworkflow_schema" (
    "id" integer DEFAULT nextval('dbworkflow_schema_id_seq') NOT NULL,
    "active" boolean DEFAULT true,
    "name" character varying(128),
    "description" text,
    "index" integer DEFAULT '1',
    "urgency" enum__low_normal_high DEFAULT 'normal',
    "priority" enum__low_normal_high DEFAULT 'normal',
    "optionnal" boolean DEFAULT false,
    "hub" boolean DEFAULT false,
    "dbworkflow_id" integer,
    "dbschema_id" integer,
    "dbuser_id" integer,
    "dbentity_id" integer,
    "wrapped_dbworkflow_id" integer,
    CONSTRAINT "dbworkflow_schema_name_unique" UNIQUE ("name"),
    CONSTRAINT "dbworkflow_schema_pkey" PRIMARY KEY ("id")
) WITH (oids = false);

INSERT INTO "dbworkflow_schema" ("id", "active", "name", "description", "index", "urgency", "priority", "optionnal", "hub", "dbworkflow_id", "dbschema_id", "dbuser_id", "dbentity_id", "wrapped_dbworkflow_id") VALUES
(1,	't',	'organize a committee ',	'organize a committee reunion to discuss about protection & valorization of formalized datas. ',	1,	'normal',	'normal',	'f',	't',	17,	21,	6,	NULL,	NULL),
(2,	't',	'valorize formalized data',	'organize yourself in order to be able to valorize as decided by the committee',	2,	'normal',	'normal',	't',	'f',	17,	21,	4,	NULL,	34),
(3,	't',	'protect formalized data',	'organize yourself in order to be able to protect as decided by the committee',	2,	'normal',	'normal',	't',	'f',	17,	21,	5,	NULL,	35),
(4,	't',	'valorization of a formalized data',	'organize yourself in order to be able to valorize as decided by the committee',	1,	'normal',	'normal',	'f',	'f',	34,	21,	4,	NULL,	NULL),
(5,	't',	'protection of a formalized data',	'organize yourself in order to be able to protect as decided by the committee',	1,	'normal',	'normal',	'f',	'f',	35,	21,	5,	NULL,	NULL);

DROP TABLE IF EXISTS "formalized_data";
DROP SEQUENCE IF EXISTS formalized_data_id_seq;
CREATE SEQUENCE formalized_data_id_seq INCREMENT 1 MINVALUE 1 MAXVALUE 2147483647 CACHE 1;

CREATE TABLE "public"."formalized_data" (
    "id" integer DEFAULT nextval('formalized_data_id_seq') NOT NULL,
    "active" boolean DEFAULT true,
    "name" character varying(128),
    "ref" character varying(128),
    "first_evaluation" numeric,
    "first_evaluation_date" timestamp,
    "actualized_evaluation" numeric,
    "capitalization_date" timestamp,
    "committee_date" timestamp,
    "result_type_id" integer,
    "result_family_id" integer,
    "support_id" integer,
    "confidentiality_level_id" integer,
    "contractual" boolean,
    "storage_area" character varying(128),
    CONSTRAINT "formalized_data_name_unique" UNIQUE ("name"),
    CONSTRAINT "formalized_data_pkey" PRIMARY KEY ("id")
) WITH (oids = false);


DROP TABLE IF EXISTS "formalized_data_project";
DROP SEQUENCE IF EXISTS formalized_data_project_id_seq;
CREATE SEQUENCE formalized_data_project_id_seq INCREMENT 1 MINVALUE 1 MAXVALUE 2147483647 CACHE 1;

CREATE TABLE "public"."formalized_data_project" (
    "id" integer DEFAULT nextval('formalized_data_project_id_seq') NOT NULL,
    "active" boolean DEFAULT true,
    "dbformalized_data_id" integer,
    "dbproject_id" integer,
    CONSTRAINT "formalized_data_project_pkey" PRIMARY KEY ("id")
) WITH (oids = false);


DROP TABLE IF EXISTS "formalized_data_storage_type";
DROP SEQUENCE IF EXISTS formalized_data_storage_type_id_seq;
CREATE SEQUENCE formalized_data_storage_type_id_seq INCREMENT 1 MINVALUE 1 MAXVALUE 2147483647 CACHE 1;

CREATE TABLE "public"."formalized_data_storage_type" (
    "id" integer DEFAULT nextval('formalized_data_storage_type_id_seq') NOT NULL,
    "active" boolean DEFAULT true,
    "dbformalized_data_id" integer,
    "dbsupport_type_id" integer,
    CONSTRAINT "formalized_data_storage_type_pkey" PRIMARY KEY ("id")
) WITH (oids = false);


DROP TABLE IF EXISTS "project";
DROP SEQUENCE IF EXISTS project_id_seq;
CREATE SEQUENCE project_id_seq INCREMENT 1 MINVALUE 1 MAXVALUE 2147483647 CACHE 1;

CREATE TABLE "public"."project" (
    "id" integer DEFAULT nextval('project_id_seq') NOT NULL,
    "active" boolean DEFAULT true,
    "name" character varying(128),
    "code" character varying(128),
    "dbentity_id" integer,
    CONSTRAINT "project_code_unique" UNIQUE ("code"),
    CONSTRAINT "project_name_unique" UNIQUE ("name"),
    CONSTRAINT "project_pkey" PRIMARY KEY ("id")
) WITH (oids = false);

INSERT INTO "project" ("id", "active", "name", "code", "dbentity_id") VALUES
(2,	't',	'eden2',	'EDN2',	1),
(1,	't',	'eden',	'EDN1',	1);

DROP TABLE IF EXISTS "protection";
DROP SEQUENCE IF EXISTS protection_id_seq;
CREATE SEQUENCE protection_id_seq INCREMENT 1 MINVALUE 1 MAXVALUE 2147483647 CACHE 1;

CREATE TABLE "public"."protection" (
    "id" integer DEFAULT nextval('protection_id_seq') NOT NULL,
    "active" boolean DEFAULT true,
    "name" character varying(128),
    CONSTRAINT "protection_name_unique" UNIQUE ("name"),
    CONSTRAINT "protection_pkey" PRIMARY KEY ("id")
) WITH (oids = false);


DROP TABLE IF EXISTS "protection_area";
DROP SEQUENCE IF EXISTS protection_area_id_seq;
CREATE SEQUENCE protection_area_id_seq INCREMENT 1 MINVALUE 1 MAXVALUE 2147483647 CACHE 1;

CREATE TABLE "public"."protection_area" (
    "id" integer DEFAULT nextval('protection_area_id_seq') NOT NULL,
    "active" boolean DEFAULT true,
    "name" character varying(128),
    CONSTRAINT "protection_area_name_unique" UNIQUE ("name"),
    CONSTRAINT "protection_area_pkey" PRIMARY KEY ("id")
) WITH (oids = false);

INSERT INTO "protection_area" ("id", "active", "name") VALUES
(1,	't',	'france'),
(2,	't',	'UE'),
(3,	't',	'out of the UE');

DROP TABLE IF EXISTS "protection_type";
DROP SEQUENCE IF EXISTS protection_type_id_seq;
CREATE SEQUENCE protection_type_id_seq INCREMENT 1 MINVALUE 1 MAXVALUE 2147483647 CACHE 1;

CREATE TABLE "public"."protection_type" (
    "id" integer DEFAULT nextval('protection_type_id_seq') NOT NULL,
    "active" boolean DEFAULT true,
    "name" character varying(128),
    CONSTRAINT "protection_type_name_unique" UNIQUE ("name"),
    CONSTRAINT "protection_type_pkey" PRIMARY KEY ("id")
) WITH (oids = false);

INSERT INTO "protection_type" ("id", "active", "name") VALUES
(1,	't',	'SOLEAU envelope'),
(2,	't',	'timestamp'),
(3,	't',	'patent application filed'),
(4,	't',	'patent granted'),
(5,	't',	'APP registration certificate'),
(6,	't',	'no protection');

DROP TABLE IF EXISTS "restriction_type";
DROP SEQUENCE IF EXISTS restriction_type_id_seq;
CREATE SEQUENCE restriction_type_id_seq INCREMENT 1 MINVALUE 1 MAXVALUE 2147483647 CACHE 1;

CREATE TABLE "public"."restriction_type" (
    "id" integer DEFAULT nextval('restriction_type_id_seq') NOT NULL,
    "active" boolean DEFAULT true,
    "name" character varying(128),
    "formalized_data_id" integer,
    CONSTRAINT "restriction_type_name_unique" UNIQUE ("name"),
    CONSTRAINT "restriction_type_pkey" PRIMARY KEY ("id")
) WITH (oids = false);


DROP TABLE IF EXISTS "result_family";
DROP SEQUENCE IF EXISTS result_family_id_seq;
CREATE SEQUENCE result_family_id_seq INCREMENT 1 MINVALUE 1 MAXVALUE 2147483647 CACHE 1;

CREATE TABLE "public"."result_family" (
    "id" integer DEFAULT nextval('result_family_id_seq') NOT NULL,
    "active" boolean DEFAULT true,
    "name" character varying(128),
    CONSTRAINT "result_family_name_unique" UNIQUE ("name"),
    CONSTRAINT "result_family_pkey" PRIMARY KEY ("id")
) WITH (oids = false);

INSERT INTO "result_family" ("id", "active", "name") VALUES
(1,	't',	'report'),
(2,	't',	'internal technical note'),
(3,	't',	'laboratory workbook'),
(4,	't',	'career guide'),
(5,	't',	'manuscript article'),
(6,	't',	'thesis manuscript'),
(7,	't',	'innovation filing sheet');

DROP TABLE IF EXISTS "result_type";
DROP SEQUENCE IF EXISTS result_type_id_seq;
CREATE SEQUENCE result_type_id_seq INCREMENT 1 MINVALUE 1 MAXVALUE 2147483647 CACHE 1;

CREATE TABLE "public"."result_type" (
    "id" integer DEFAULT nextval('result_type_id_seq') NOT NULL,
    "active" boolean DEFAULT true,
    "name" character varying(128),
    CONSTRAINT "result_type_name_unique" UNIQUE ("name"),
    CONSTRAINT "result_type_pkey" PRIMARY KEY ("id")
) WITH (oids = false);

INSERT INTO "result_type" ("id", "active", "name") VALUES
(1,	't',	'process'),
(2,	't',	'method'),
(3,	't',	'algorithm'),
(4,	't',	'software'),
(5,	't',	'specification'),
(6,	't',	'conception'),
(7,	't',	'test results'),
(8,	't',	'sample/test vehicle'),
(9,	't',	'demonstrator/proof of concept'),
(10,	't',	'database'),
(11,	't',	'standard'),
(12,	't',	'innovation idea'),
(13,	't',	'irt test bench');

DROP TABLE IF EXISTS "support";
DROP SEQUENCE IF EXISTS support_id_seq;
CREATE SEQUENCE support_id_seq INCREMENT 1 MINVALUE 1 MAXVALUE 2147483647 CACHE 1;

CREATE TABLE "public"."support" (
    "id" integer DEFAULT nextval('support_id_seq') NOT NULL,
    "active" boolean DEFAULT true,
    "name" character varying(128),
    CONSTRAINT "support_name_unique" UNIQUE ("name"),
    CONSTRAINT "support_pkey" PRIMARY KEY ("id")
) WITH (oids = false);

INSERT INTO "support" ("id", "active", "name") VALUES
(1,	't',	'paper'),
(2,	't',	'digital');

DROP TABLE IF EXISTS "support_type";
DROP SEQUENCE IF EXISTS support_type_id_seq;
CREATE SEQUENCE support_type_id_seq INCREMENT 1 MINVALUE 1 MAXVALUE 2147483647 CACHE 1;

CREATE TABLE "public"."support_type" (
    "id" integer DEFAULT nextval('support_type_id_seq') NOT NULL,
    "active" boolean DEFAULT true,
    "name" character varying(128),
    CONSTRAINT "support_type_name_unique" UNIQUE ("name"),
    CONSTRAINT "support_type_pkey" PRIMARY KEY ("id")
) WITH (oids = false);

INSERT INTO "support_type" ("id", "active", "name") VALUES
(1,	't',	'IRT server'),
(2,	't',	'external data center'),
(3,	't',	'hard disk'),
(4,	't',	'USB'),
(5,	't',	'paper storager'),
(6,	't',	'physical conservation');

DROP TABLE IF EXISTS "valuation";
DROP SEQUENCE IF EXISTS valuation_id_seq;
CREATE SEQUENCE valuation_id_seq INCREMENT 1 MINVALUE 1 MAXVALUE 2147483647 CACHE 1;

CREATE TABLE "public"."valuation" (
    "id" integer DEFAULT nextval('valuation_id_seq') NOT NULL,
    "active" boolean DEFAULT true,
    "name" character varying(128),
    "formalized_data_id" integer,
    "dbvaluation_type_id" integer,
    "dbvaluation_format_id" integer,
    CONSTRAINT "valuation_name_unique" UNIQUE ("name"),
    CONSTRAINT "valuation_pkey" PRIMARY KEY ("id")
) WITH (oids = false);


DROP TABLE IF EXISTS "valuation_format";
DROP SEQUENCE IF EXISTS valuation_format_id_seq;
CREATE SEQUENCE valuation_format_id_seq INCREMENT 1 MINVALUE 1 MAXVALUE 2147483647 CACHE 1;

CREATE TABLE "public"."valuation_format" (
    "id" integer DEFAULT nextval('valuation_format_id_seq') NOT NULL,
    "active" boolean DEFAULT true,
    "name" character varying(128),
    CONSTRAINT "valuation_format_name_unique" UNIQUE ("name"),
    CONSTRAINT "valuation_format_pkey" PRIMARY KEY ("id")
) WITH (oids = false);

INSERT INTO "valuation_format" ("id", "active", "name") VALUES
(1,	't',	'scientific journal article'),
(2,	't',	'conference presentation'),
(3,	't',	'published thesis dissertation'),
(4,	't',	'training'),
(5,	't',	'BIP contribution to a new project'),
(6,	't',	'license (patent/software)'),
(7,	't',	'service provision');

DROP TABLE IF EXISTS "valuation_type";
DROP SEQUENCE IF EXISTS valuation_type_id_seq;
CREATE SEQUENCE valuation_type_id_seq INCREMENT 1 MINVALUE 1 MAXVALUE 2147483647 CACHE 1;

CREATE TABLE "public"."valuation_type" (
    "id" integer DEFAULT nextval('valuation_type_id_seq') NOT NULL,
    "active" boolean DEFAULT true,
    "name" character varying(128),
    CONSTRAINT "valuation_type_name_unique" UNIQUE ("name"),
    CONSTRAINT "valuation_type_pkey" PRIMARY KEY ("id")
) WITH (oids = false);

INSERT INTO "valuation_type" ("id", "active", "name") VALUES
(1,	't',	'scientific'),
(2,	't',	'economic');

ALTER TABLE ONLY "public"."dbschema_column" ADD CONSTRAINT "fk_dbschema_id" FOREIGN KEY (dbschema_id) REFERENCES dbschema(id) ON DELETE CASCADE NOT DEFERRABLE;
ALTER TABLE ONLY "public"."dbschema_column" ADD CONSTRAINT "fk_link_id" FOREIGN KEY (link_id) REFERENCES dbschema(id) ON DELETE CASCADE NOT DEFERRABLE;

ALTER TABLE ONLY "public"."dbview" ADD CONSTRAINT "fk_dbfilter_id" FOREIGN KEY (dbfilter_id) REFERENCES dbfilter(id) ON DELETE CASCADE NOT DEFERRABLE;
ALTER TABLE ONLY "public"."dbview" ADD CONSTRAINT "fk_dbschema_id" FOREIGN KEY (dbschema_id) REFERENCES dbschema(id) ON DELETE CASCADE NOT DEFERRABLE;
ALTER TABLE ONLY "public"."dbview" ADD CONSTRAINT "fk_view_dbfilter_id" FOREIGN KEY (view_dbfilter_id) REFERENCES dbfilter(id) ON DELETE CASCADE NOT DEFERRABLE;

ALTER TABLE ONLY "public"."dbworkflow" ADD CONSTRAINT "fk_dbschema_id" FOREIGN KEY (dbschema_id) REFERENCES dbschema(id) ON DELETE CASCADE NOT DEFERRABLE;

-- 2024-05-10 10:56:44.045379+00